"Status","Name","File","Path"
"?? PLACEHOLDER","20m di Corda","20m_di_Corda_6744066439faf25e.json","E:\AntigravitiProgetti\CompendioTheWitcher\_tools\src-packs\EQUIPAGGIAMENTO\base\witcher-equipment\20m_di_Corda_6744066439faf25e.json"
"?? PLACEHOLDER","Abiti Comuni","Abiti_Comuni_e596e64cca424489.json","E:\AntigravitiProgetti\CompendioTheWitcher\_tools\src-packs\EQUIPAGGIAMENTO\base\witcher-equipment\Abiti_Comuni_e596e64cca424489.json"
"?? PLACEHOLDER","Abiti da Furfante","Abiti_da_Furfante_bed44d8b7d4bb824.json","E:\AntigravitiProgetti\CompendioTheWitcher\_tools\src-packs\EQUIPAGGIAMENTO\base\witcher-equipment\Abiti_da_Furfante_bed44d8b7d4bb824.json"
"?? PLACEHOLDER","Abiti Eleganti","Abiti_Eleganti_dc594a01542be272.json","E:\AntigravitiProgetti\CompendioTheWitcher\_tools\src-packs\EQUIPAGGIAMENTO\base\witcher-equipment\Abiti_Eleganti_dc594a01542be272.json"
"?? PLACEHOLDER","Abiti per Climi Freddi","Abiti_per_Climi_Freddi_ba5f65a836de4eb6.json","E:\AntigravitiProgetti\CompendioTheWitcher\_tools\src-packs\EQUIPAGGIAMENTO\base\witcher-equipment\Abiti_per_Climi_Freddi_ba5f65a836de4eb6.json"
"?? PLACEHOLDER","Accetta","Accetta_022f99d584a84f5e.json","E:\AntigravitiProgetti\CompendioTheWitcher\_tools\src-packs\EQUIPAGGIAMENTO\base\witcher-weapons\Accetta_022f99d584a84f5e.json"
"?? PLACEHOLDER","Acciarino","Acciarino_2e7a4cde5b714ec2.json","E:\AntigravitiProgetti\CompendioTheWitcher\_tools\src-packs\EQUIPAGGIAMENTO\base\witcher-equipment\Acciarino_2e7a4cde5b714ec2.json"
"?? PLACEHOLDER","Alabarda Rossa","Alabarda_Rossa_857219f18f1f4691.json","E:\AntigravitiProgetti\CompendioTheWitcher\_tools\src-packs\EQUIPAGGIAMENTO\base\witcher-weapons\Alabarda_Rossa_857219f18f1f4691.json"
"?? PLACEHOLDER","Alcohest","Alcohest_d682a5755bc14602.json","E:\AntigravitiProgetti\CompendioTheWitcher\_tools\src-packs\EQUIPAGGIAMENTO\base\witcher-equipment\Alcohest_d682a5755bc14602.json"
"?? PLACEHOLDER","Amuleto con Gemma","Amuleto_con_Gemma_e409cd54ccdd5e1b.json","E:\AntigravitiProgetti\CompendioTheWitcher\_tools\src-packs\EQUIPAGGIAMENTO\base\witcher-equipment\Amuleto_con_Gemma_e409cd54ccdd5e1b.json"
"?? PLACEHOLDER","Amuleto Incantato","amuleto_incantato_836899b1ea2fa228.json","E:\AntigravitiProgetti\CompendioTheWitcher\_tools\src-packs\EQUIPAGGIAMENTO\caos\witcher-magic-items\amuleto_incantato_836899b1ea2fa228.json"
"?? PLACEHOLDER","Amuleto Incantato (1 Incantesimo)","Amuleto_Incantato__1_Incantesimo__ef6c48cd2dba2373.json","E:\AntigravitiProgetti\CompendioTheWitcher\_tools\src-packs\EQUIPAGGIAMENTO\caos\witcher-special-chaos\Amuleto_Incantato__1_Incantesimo__ef6c48cd2dba2373.json"
"?? PLACEHOLDER","Amuleto Incantato (2 Incantesimi)","Amuleto_Incantato__2_Incantesimi__4d40471f65001a0b.json","E:\AntigravitiProgetti\CompendioTheWitcher\_tools\src-packs\EQUIPAGGIAMENTO\caos\witcher-special-chaos\Amuleto_Incantato__2_Incantesimi__4d40471f65001a0b.json"
"?? PLACEHOLDER","Amuleto Incantato (3 Incantesimi)","Amuleto_Incantato__3_Incantesimi__4ddf42cb2eab0e0c.json","E:\AntigravitiProgetti\CompendioTheWitcher\_tools\src-packs\EQUIPAGGIAMENTO\caos\witcher-special-chaos\Amuleto_Incantato__3_Incantesimi__4ddf42cb2eab0e0c.json"
"?? PLACEHOLDER","Amuleto Incantato (4 Incantesimi)","Amuleto_Incantato__4_Incantesimi__5bfe48717eebb217.json","E:\AntigravitiProgetti\CompendioTheWitcher\_tools\src-packs\EQUIPAGGIAMENTO\caos\witcher-special-chaos\Amuleto_Incantato__4_Incantesimi__5bfe48717eebb217.json"
"?? PLACEHOLDER","Amuleto Semplice","Amuleto_Semplice_7154dad58f595fe8.json","E:\AntigravitiProgetti\CompendioTheWitcher\_tools\src-packs\EQUIPAGGIAMENTO\base\witcher-equipment\Amuleto_Semplice_7154dad58f595fe8.json"
"?? PLACEHOLDER","Anti-Ancestrali","Anti-Ancestrali_01897166528f04c2.json","E:\AntigravitiProgetti\CompendioTheWitcher\_tools\src-packs\EQUIPAGGIAMENTO\base\witcher-special\Anti-Ancestrali_01897166528f04c2.json"
"?? PLACEHOLDER","Anti-Bestie","Anti-Bestie_be0449da77ab5136.json","E:\AntigravitiProgetti\CompendioTheWitcher\_tools\src-packs\EQUIPAGGIAMENTO\base\witcher-special\Anti-Bestie_be0449da77ab5136.json"
"?? PLACEHOLDER","Anti-Costrutti","Anti-Costrutti_dd75a029513af7f7.json","E:\AntigravitiProgetti\CompendioTheWitcher\_tools\src-packs\EQUIPAGGIAMENTO\base\witcher-special\Anti-Costrutti_dd75a029513af7f7.json"
"?? PLACEHOLDER","Anti-Dragonidi","Anti-Dragonidi_6d4f3bc2cbeec9ef.json","E:\AntigravitiProgetti\CompendioTheWitcher\_tools\src-packs\EQUIPAGGIAMENTO\base\witcher-special\Anti-Dragonidi_6d4f3bc2cbeec9ef.json"
"?? PLACEHOLDER","Anti-Ibridi","Anti-Ibridi_960d1a617e2a6847.json","E:\AntigravitiProgetti\CompendioTheWitcher\_tools\src-packs\EQUIPAGGIAMENTO\base\witcher-special\Anti-Ibridi_960d1a617e2a6847.json"
"?? PLACEHOLDER","Anti-Insettoidi","Anti-Insettoidi_38a76fa165a6de46.json","E:\AntigravitiProgetti\CompendioTheWitcher\_tools\src-packs\EQUIPAGGIAMENTO\base\witcher-special\Anti-Insettoidi_38a76fa165a6de46.json"
"?? PLACEHOLDER","Anti-Maledetti","Anti-Maledetti_69e7c869d29dc1bd.json","E:\AntigravitiProgetti\CompendioTheWitcher\_tools\src-packs\EQUIPAGGIAMENTO\base\witcher-special\Anti-Maledetti_69e7c869d29dc1bd.json"
"?? PLACEHOLDER","Anti-Necrofagi","Anti-Necrofagi_6ea0fdab22fb013d.json","E:\AntigravitiProgetti\CompendioTheWitcher\_tools\src-packs\EQUIPAGGIAMENTO\base\witcher-special\Anti-Necrofagi_6ea0fdab22fb013d.json"
"?? PLACEHOLDER","Anti-Orchi","Anti-Orchi_071d9c96f5e1cfa0.json","E:\AntigravitiProgetti\CompendioTheWitcher\_tools\src-packs\EQUIPAGGIAMENTO\base\witcher-special\Anti-Orchi_071d9c96f5e1cfa0.json"
"?? PLACEHOLDER","Anti-Spettri","Anti-Spettri_e1d78826b093f749.json","E:\AntigravitiProgetti\CompendioTheWitcher\_tools\src-packs\EQUIPAGGIAMENTO\base\witcher-special\Anti-Spettri_e1d78826b093f749.json"
"?? PLACEHOLDER","Anti-Vampiri","Anti-Vampiri_a8c209f3b5cbf95b.json","E:\AntigravitiProgetti\CompendioTheWitcher\_tools\src-packs\EQUIPAGGIAMENTO\base\witcher-special\Anti-Vampiri_a8c209f3b5cbf95b.json"
"?? PLACEHOLDER","Arco Corto","Arco_Corto_05729cdd8b8e4b31.json","E:\AntigravitiProgetti\CompendioTheWitcher\_tools\src-packs\EQUIPAGGIAMENTO\base\witcher-weapons\Arco_Corto_05729cdd8b8e4b31.json"
"?? PLACEHOLDER","Arco da Guerra","Arco_da_Guerra_34b85896699c4c74.json","E:\AntigravitiProgetti\CompendioTheWitcher\_tools\src-packs\EQUIPAGGIAMENTO\base\witcher-weapons\Arco_da_Guerra_34b85896699c4c74.json"
"?? PLACEHOLDER","Arco da Viaggio Elfico","Arco_da_Viaggio_Elfico_00f3ff9d48b2ad48.json","E:\AntigravitiProgetti\CompendioTheWitcher\_tools\src-packs\EQUIPAGGIAMENTO\base\witcher-weapons\Arco_da_Viaggio_Elfico_00f3ff9d48b2ad48.json"
"?? PLACEHOLDER","Arco Lunare","Arco_Lunare_7a8b9c0d1e2f3a4b.json","E:\AntigravitiProgetti\CompendioTheWitcher\_tools\src-packs\EQUIPAGGIAMENTO\base\witcher-weapons\Arco_Lunare_7a8b9c0d1e2f3a4b.json"
"?? PLACEHOLDER","Arco Lungo","Arco_Lungo_0678c7fef48542fe.json","E:\AntigravitiProgetti\CompendioTheWitcher\_tools\src-packs\EQUIPAGGIAMENTO\base\witcher-weapons\Arco_Lungo_0678c7fef48542fe.json"
"?? PLACEHOLDER","Armatura a Piastre","Armatura_a_Piastre_3cd42c4b0b5d409c.json","E:\AntigravitiProgetti\CompendioTheWitcher\_tools\src-packs\EQUIPAGGIAMENTO\base\witcher-armor\Armatura_a_Piastre_3cd42c4b0b5d409c.json"
"?? PLACEHOLDER","Armatura a Piastre Nilfgaardiana","Armatura_a_Piastre_Nilfgaardiana_72d75f6f65b94ab9.json","E:\AntigravitiProgetti\CompendioTheWitcher\_tools\src-packs\EQUIPAGGIAMENTO\base\witcher-armor\Armatura_a_Piastre_Nilfgaardiana_72d75f6f65b94ab9.json"
"?? PLACEHOLDER","Armatura da Alabardiere Redaniana","Armatura_da_Alabardiere_Redaniana_25b33d15fa1d4c20.json","E:\AntigravitiProgetti\CompendioTheWitcher\_tools\src-packs\EQUIPAGGIAMENTO\base\witcher-armor\Armatura_da_Alabardiere_Redaniana_25b33d15fa1d4c20.json"
"?? PLACEHOLDER","Armatura dei Montanari","Armatura dei Montanari.json","E:\AntigravitiProgetti\CompendioTheWitcher\_tools\src-packs\EQUIPAGGIAMENTO\base\witcher-armor\Armatura dei Montanari.json"
"?? PLACEHOLDER","Armatura del Gatto","Armatura_del_Gatto_kobcisq696q8zvl5.json","E:\AntigravitiProgetti\CompendioTheWitcher\_tools\src-packs\EQUIPAGGIAMENTO\base\witcher-armor\Armatura_del_Gatto_kobcisq696q8zvl5.json"
"?? PLACEHOLDER","Armatura del Grifone","Armatura_del_Grifone_ldy4e5lrkrrvsbxs.json","E:\AntigravitiProgetti\CompendioTheWitcher\_tools\src-packs\EQUIPAGGIAMENTO\base\witcher-armor\Armatura_del_Grifone_ldy4e5lrkrrvsbxs.json"
"?? PLACEHOLDER","Armatura del Lupo","Armatura_del_Lupo_o6hqy2mbkicx457g.json","E:\AntigravitiProgetti\CompendioTheWitcher\_tools\src-packs\EQUIPAGGIAMENTO\base\witcher-armor\Armatura_del_Lupo_o6hqy2mbkicx457g.json"
"?? PLACEHOLDER","Armatura della Lumaca","Armatura_della_Lumaca_xw4u3i7psowhis32.json","E:\AntigravitiProgetti\CompendioTheWitcher\_tools\src-packs\EQUIPAGGIAMENTO\base\witcher-armor\Armatura_della_Lumaca_xw4u3i7psowhis32.json"
"?? PLACEHOLDER","Armatura della Manticora","Armatura_della_Manticora_bz4jwuwqidv3ww8g.json","E:\AntigravitiProgetti\CompendioTheWitcher\_tools\src-packs\EQUIPAGGIAMENTO\base\witcher-armor\Armatura_della_Manticora_bz4jwuwqidv3ww8g.json"
"?? PLACEHOLDER","Armatura della Vipera","Armatura_della_Vipera_bukppvyvclyr9uqk.json","E:\AntigravitiProgetti\CompendioTheWitcher\_tools\src-packs\EQUIPAGGIAMENTO\base\witcher-armor\Armatura_della_Vipera_bukppvyvclyr9uqk.json"
"?? PLACEHOLDER","Armatura dell'Orso","Armatura_dellOrso_jn9w0e016jtm62bq.json","E:\AntigravitiProgetti\CompendioTheWitcher\_tools\src-packs\EQUIPAGGIAMENTO\base\witcher-armor\Armatura_dellOrso_jn9w0e016jtm62bq.json"
"?? PLACEHOLDER","Armatura di Corvo","Armatura di Corvo.json","E:\AntigravitiProgetti\CompendioTheWitcher\_tools\src-packs\EQUIPAGGIAMENTO\base\witcher-armor\Armatura di Corvo.json"
"?? PLACEHOLDER","Armatura di Draugr","Armatura di Draugr.json","E:\AntigravitiProgetti\CompendioTheWitcher\_tools\src-packs\EQUIPAGGIAMENTO\base\witcher-armor\Armatura di Draugr.json"
"?? PLACEHOLDER","Armatura Pesante di Hindarsfjall","Armatura_Pesante_di_Hindarsfjall_5db318389d2f4b48.json","E:\AntigravitiProgetti\CompendioTheWitcher\_tools\src-packs\EQUIPAGGIAMENTO\base\witcher-armor\Armatura_Pesante_di_Hindarsfjall_5db318389d2f4b48.json"
"?? PLACEHOLDER","Arnesi da Scasso","Arnesi_da_Scasso_0fef46fca9c86760.json","E:\AntigravitiProgetti\CompendioTheWitcher\_tools\src-packs\EQUIPAGGIAMENTO\base\witcher-equipment\Arnesi_da_Scasso_0fef46fca9c86760.json"
"?? PLACEHOLDER","Artigiano","Artigiano_dda3513924004a52.json","E:\AntigravitiProgetti\CompendioTheWitcher\_tools\src-packs\EQUIPAGGIAMENTO\base\witcher-equipment\Artigiano_dda3513924004a52.json"
"?? PLACEHOLDER","Arto Artificiale","Arto_Artificiale_87b0d7a95b375f04.json","E:\AntigravitiProgetti\CompendioTheWitcher\_tools\src-packs\EQUIPAGGIAMENTO\base\witcher-equipment\Arto_Artificiale_87b0d7a95b375f04.json"
"?? PLACEHOLDER","Arto Artificiale di Qualit??","Arto_Artificiale_di_Qualit?_b81eec29f7eb6759.json","E:\AntigravitiProgetti\CompendioTheWitcher\_tools\src-packs\EQUIPAGGIAMENTO\base\witcher-equipment\Arto_Artificiale_di_Qualit?_b81eec29f7eb6759.json"
"?? PLACEHOLDER","Ascia da Battaglia","Ascia_da_Battaglia_a2598bdcb027404b.json","E:\AntigravitiProgetti\CompendioTheWitcher\_tools\src-packs\EQUIPAGGIAMENTO\base\witcher-weapons\Ascia_da_Battaglia_a2598bdcb027404b.json"
"?? PLACEHOLDER","Ascia da Berserker","Ascia_da_Berserker_4382864124ce4ea9.json","E:\AntigravitiProgetti\CompendioTheWitcher\_tools\src-packs\EQUIPAGGIAMENTO\base\witcher-weapons\Ascia_da_Berserker_4382864124ce4ea9.json"
"?? PLACEHOLDER","Ascia da Lancio","Ascia_da_Lancio_e0693361f0404e5f.json","E:\AntigravitiProgetti\CompendioTheWitcher\_tools\src-packs\EQUIPAGGIAMENTO\base\witcher-weapons\Ascia_da_Lancio_e0693361f0404e5f.json"
"?? PLACEHOLDER","Ascia Nanica","Ascia_Nanica_0000ae86d87f059a.json","E:\AntigravitiProgetti\CompendioTheWitcher\_tools\src-packs\EQUIPAGGIAMENTO\base\witcher-weapons\Ascia_Nanica_0000ae86d87f059a.json"
"?? PLACEHOLDER","Ascia Nera Gnomesca","Ascia_Nera_Gnomesca_006f87a98ae4f9f8.json","E:\AntigravitiProgetti\CompendioTheWitcher\_tools\src-packs\EQUIPAGGIAMENTO\base\witcher-weapons\Ascia_Nera_Gnomesca_006f87a98ae4f9f8.json"
"?? PLACEHOLDER","Asta","Asta_0080c39f6ba83088.json","E:\AntigravitiProgetti\CompendioTheWitcher\_tools\src-packs\EQUIPAGGIAMENTO\base\witcher-weapons\Asta_0080c39f6ba83088.json"
"?? PLACEHOLDER","Attrezzatura Alchemica","Attrezzatura_Alchemica_7e2017507b818aa4.json","E:\AntigravitiProgetti\CompendioTheWitcher\_tools\src-packs\EQUIPAGGIAMENTO\base\witcher-equipment\Attrezzatura_Alchemica_7e2017507b818aa4.json"
"?? PLACEHOLDER","Attrezzatura da Pesca","Attrezzatura_da_Pesca_082aece2906976b9.json","E:\AntigravitiProgetti\CompendioTheWitcher\_tools\src-packs\EQUIPAGGIAMENTO\base\witcher-equipment\Attrezzatura_da_Pesca_082aece2906976b9.json"
"?? PLACEHOLDER","Avvocato","Avvocato_16fabfa87cd946d0.json","E:\AntigravitiProgetti\CompendioTheWitcher\_tools\src-packs\EQUIPAGGIAMENTO\base\witcher-equipment\Avvocato_16fabfa87cd946d0.json"
"?? PLACEHOLDER","Azza","Azza_38c1eaacac924334.json","E:\AntigravitiProgetti\CompendioTheWitcher\_tools\src-packs\EQUIPAGGIAMENTO\base\witcher-weapons\Azza_38c1eaacac924334.json"
"?? PLACEHOLDER","Bacchetta della Succube","Bacchetta_della_Succube_b1c2d3e4f5a6b7c8.json","E:\AntigravitiProgetti\CompendioTheWitcher\_tools\src-packs\EQUIPAGGIAMENTO\base\witcher-weapons\Bacchetta_della_Succube_b1c2d3e4f5a6b7c8.json"
"?? PLACEHOLDER","Bacinetto Temeriano","Bacinetto_Temeriano_12551b4429c74918.json","E:\AntigravitiProgetti\CompendioTheWitcher\_tools\src-packs\EQUIPAGGIAMENTO\base\witcher-armor\Bacinetto_Temeriano_12551b4429c74918.json"
"?? PLACEHOLDER","Badile","Badile_00df31f62afb18c8.json","E:\AntigravitiProgetti\CompendioTheWitcher\_tools\src-packs\EQUIPAGGIAMENTO\base\witcher-weapons\Badile_00df31f62afb18c8.json"
"?? PLACEHOLDER","Bagno Caldo","Bagno_Caldo_65870f45a04244b4.json","E:\AntigravitiProgetti\CompendioTheWitcher\_tools\src-packs\EQUIPAGGIAMENTO\base\witcher-equipment\Bagno_Caldo_65870f45a04244b4.json"
"?? PLACEHOLDER","Bagno Freddo","Bagno_Freddo_9034145cef2525af.json","E:\AntigravitiProgetti\CompendioTheWitcher\_tools\src-packs\EQUIPAGGIAMENTO\base\witcher-equipment\Bagno_Freddo_9034145cef2525af.json"
"?? PLACEHOLDER","Balestra","Balestra_90750e6f288a4af4.json","E:\AntigravitiProgetti\CompendioTheWitcher\_tools\src-packs\EQUIPAGGIAMENTO\base\witcher-weapons\Balestra_90750e6f288a4af4.json"
"?? PLACEHOLDER","Balestra da Caccia","Balestra_da_Caccia.json","E:\AntigravitiProgetti\CompendioTheWitcher\_tools\src-packs\EQUIPAGGIAMENTO\racconti\witcher-weapons-racconti\Balestra_da_Caccia.json"
"?? PLACEHOLDER","Balestra da Cacciatore di Mostri","Balestra_da_Cacciatore_di_Mostri_5f833da91e34474a.json","E:\AntigravitiProgetti\CompendioTheWitcher\_tools\src-packs\EQUIPAGGIAMENTO\base\witcher-weapons\Balestra_da_Cacciatore_di_Mostri_5f833da91e34474a.json"
"?? PLACEHOLDER","Balestra Pesante Nanica","Balestra_Pesante_Nanica_0002518f9669a30e.json","E:\AntigravitiProgetti\CompendioTheWitcher\_tools\src-packs\EQUIPAGGIAMENTO\base\witcher-weapons\Balestra_Pesante_Nanica_0002518f9669a30e.json"
"?? PLACEHOLDER","Balestrino","Balestrino_087b1a38130b4e14.json","E:\AntigravitiProgetti\CompendioTheWitcher\_tools\src-packs\EQUIPAGGIAMENTO\base\witcher-weapons\Balestrino_087b1a38130b4e14.json"
"?? PLACEHOLDER","Balestrino Gnomesco","Balestrino_Gnomesco_00064db32bac6322.json","E:\AntigravitiProgetti\CompendioTheWitcher\_tools\src-packs\EQUIPAGGIAMENTO\base\witcher-weapons\Balestrino_Gnomesco_00064db32bac6322.json"
"?? PLACEHOLDER","Banchetto","Banchetto_23e728cb1fb44c9f.json","E:\AntigravitiProgetti\CompendioTheWitcher\_tools\src-packs\EQUIPAGGIAMENTO\base\witcher-equipment\Banchetto_23e728cb1fb44c9f.json"
"?? PLACEHOLDER","Bandoliera","Bandoliera_0c8a4f4b806b4703.json","E:\AntigravitiProgetti\CompendioTheWitcher\_tools\src-packs\EQUIPAGGIAMENTO\base\witcher-equipment\Bandoliera_0c8a4f4b806b4703.json"
"?? PLACEHOLDER","Barca a Vela","Barca_a_Vela_ddc6e01ba5218463.json","E:\AntigravitiProgetti\CompendioTheWitcher\_tools\src-packs\EQUIPAGGIAMENTO\base\witcher-transports\Barca_a_Vela_ddc6e01ba5218463.json"
"?? PLACEHOLDER","Bardatura di Cuoio","Bardatura_di_Cuoio_9cdf4fc33ff58e52.json","E:\AntigravitiProgetti\CompendioTheWitcher\_tools\src-packs\EQUIPAGGIAMENTO\base\witcher-transports\Bardatura_di_Cuoio_9cdf4fc33ff58e52.json"
"?? PLACEHOLDER","Bardatura di Maglia di Ferro","Bardatura_di_Maglia_di_Ferro_3e9f20c8a114a12d.json","E:\AntigravitiProgetti\CompendioTheWitcher\_tools\src-packs\EQUIPAGGIAMENTO\base\witcher-transports\Bardatura_di_Maglia_di_Ferro_3e9f20c8a114a12d.json"
"?? PLACEHOLDER","Bastone","Bastone_7f1df27809b641e6.json","E:\AntigravitiProgetti\CompendioTheWitcher\_tools\src-packs\EQUIPAGGIAMENTO\base\witcher-weapons\Bastone_7f1df27809b641e6.json"
"?? PLACEHOLDER","Bastone con Cristallo","Bastone_con_Cristallo_023a83c9ec334aba.json","E:\AntigravitiProgetti\CompendioTheWitcher\_tools\src-packs\EQUIPAGGIAMENTO\base\witcher-weapons\Bastone_con_Cristallo_023a83c9ec334aba.json"
"?? PLACEHOLDER","Bastone da Passeggio Elfico","Bastone_da_Passeggio_Elfico_00c7f51114c30a28.json","E:\AntigravitiProgetti\CompendioTheWitcher\_tools\src-packs\EQUIPAGGIAMENTO\base\witcher-weapons\Bastone_da_Passeggio_Elfico_00c7f51114c30a28.json"
"?? PLACEHOLDER","Bastone del Vincolo","Bastone_del_Vincolo_0007e9599cacf4bb.json","E:\AntigravitiProgetti\CompendioTheWitcher\_tools\src-packs\EQUIPAGGIAMENTO\base\witcher-weapons\Bastone_del_Vincolo_0007e9599cacf4bb.json"
"?? PLACEHOLDER","Bastone di Ferro","Bastone_di_Ferro_afa5102884274060.json","E:\AntigravitiProgetti\CompendioTheWitcher\_tools\src-packs\EQUIPAGGIAMENTO\base\witcher-weapons\Bastone_di_Ferro_afa5102884274060.json"
"?? PLACEHOLDER","Bastone Gnomesco","Bastone_Gnomesco_0006bb641be67c67.json","E:\AntigravitiProgetti\CompendioTheWitcher\_tools\src-packs\EQUIPAGGIAMENTO\base\witcher-weapons\Bastone_Gnomesco_0006bb641be67c67.json"
"?? PLACEHOLDER","Bastone Uncinato","Bastone_Uncinato_1ae13fff58b64da2.json","E:\AntigravitiProgetti\CompendioTheWitcher\_tools\src-packs\EQUIPAGGIAMENTO\base\witcher-weapons\Bastone_Uncinato_1ae13fff58b64da2.json"
"?? PLACEHOLDER","Birra","Birra_0045d0aff6a64de6.json","E:\AntigravitiProgetti\CompendioTheWitcher\_tools\src-packs\EQUIPAGGIAMENTO\base\witcher-equipment\Birra_0045d0aff6a64de6.json"
"?? PLACEHOLDER","Bisacce","Bisacce_b448029bd8e3a4f8.json","E:\AntigravitiProgetti\CompendioTheWitcher\_tools\src-packs\EQUIPAGGIAMENTO\base\witcher-transports\Bisacce_b448029bd8e3a4f8.json"
"?? PLACEHOLDER","Bisacce Militari","Bisacce_Militari_7b01483ef668ccd3.json","E:\AntigravitiProgetti\CompendioTheWitcher\_tools\src-packs\EQUIPAGGIAMENTO\base\witcher-transports\Bisacce_Militari_7b01483ef668ccd3.json"
"?? PLACEHOLDER","Bordone da Pastore","Bordone_da_Pastore_000bdf3500204ce6.json","E:\AntigravitiProgetti\CompendioTheWitcher\_tools\src-packs\EQUIPAGGIAMENTO\base\witcher-weapons\Bordone_da_Pastore_000bdf3500204ce6.json"
"?? PLACEHOLDER","Borraccia","Borraccia_2b44f63879f1469d.json","E:\AntigravitiProgetti\CompendioTheWitcher\_tools\src-packs\EQUIPAGGIAMENTO\base\witcher-equipment\Borraccia_2b44f63879f1469d.json"
"?? PLACEHOLDER","Borsello","Borsello_d811f31a133f4c9a.json","E:\AntigravitiProgetti\CompendioTheWitcher\_tools\src-packs\EQUIPAGGIAMENTO\base\witcher-equipment\Borsello_d811f31a133f4c9a.json"
"?? PLACEHOLDER","Brache a Doppia Trama","Brache_a_Doppia_Trama_dc9fde1aa6b94b24.json","E:\AntigravitiProgetti\CompendioTheWitcher\_tools\src-packs\EQUIPAGGIAMENTO\base\witcher-armor\Brache_a_Doppia_Trama_dc9fde1aa6b94b24.json"
"?? PLACEHOLDER","Brache Corazzate","Brache_Corazzate_96e13315d29d466d.json","E:\AntigravitiProgetti\CompendioTheWitcher\_tools\src-packs\EQUIPAGGIAMENTO\base\witcher-armor\Brache_Corazzate_96e13315d29d466d.json"
"?? PLACEHOLDER","Brache da Cavallerizzo","Brache_da_Cavallerizzo_5966d38dbaa245dd.json","E:\AntigravitiProgetti\CompendioTheWitcher\_tools\src-packs\EQUIPAGGIAMENTO\base\witcher-armor\Brache_da_Cavallerizzo_5966d38dbaa245dd.json"
"?? PLACEHOLDER","Brache di Cuoio Lyriane","Brache_di_Cuoio_Lyriane_5445e5664915423c.json","E:\AntigravitiProgetti\CompendioTheWitcher\_tools\src-packs\EQUIPAGGIAMENTO\base\witcher-armor\Brache_di_Cuoio_Lyriane_5445e5664915423c.json"
"?? PLACEHOLDER","Brache Imbottite","Brache_Imbottite_0f36c33bb673419c.json","E:\AntigravitiProgetti\CompendioTheWitcher\_tools\src-packs\EQUIPAGGIAMENTO\base\witcher-armor\Brache_Imbottite_0f36c33bb673419c.json"
"?? PLACEHOLDER","Brigantina","Brigantina_1311af95fb794459.json","E:\AntigravitiProgetti\CompendioTheWitcher\_tools\src-packs\EQUIPAGGIAMENTO\base\witcher-armor\Brigantina_1311af95fb794459.json"
"?? PLACEHOLDER","Brocchiero d???Acciaio","Brocchiero_dAcciaio_4bccea9569cb471e.json","E:\AntigravitiProgetti\CompendioTheWitcher\_tools\src-packs\EQUIPAGGIAMENTO\base\witcher-armor\Brocchiero_dAcciaio_4bccea9569cb471e.json"
"?? PLACEHOLDER","Bue","Bue_9b617ae1c204253b.json","E:\AntigravitiProgetti\CompendioTheWitcher\_tools\src-packs\EQUIPAGGIAMENTO\base\witcher-transports\Bue_9b617ae1c204253b.json"
"?? PLACEHOLDER","Bufera di Neve","Bufera_di_Neve_e7aaff60fbed4515.json","E:\AntigravitiProgetti\CompendioTheWitcher\_tools\src-packs\EQUIPAGGIAMENTO\base\witcher-special\Bufera_di_Neve_e7aaff60fbed4515.json"
"?? PLACEHOLDER","Buon Pasto","Buon_Pasto_3d3cb5612735cbc1.json","E:\AntigravitiProgetti\CompendioTheWitcher\_tools\src-packs\EQUIPAGGIAMENTO\base\witcher-equipment\Buon_Pasto_3d3cb5612735cbc1.json"
"?? PLACEHOLDER","Camaglio","Camaglio_88963c607dde4624.json","E:\AntigravitiProgetti\CompendioTheWitcher\_tools\src-packs\EQUIPAGGIAMENTO\base\witcher-armor\Camaglio_88963c607dde4624.json"
"?? PLACEHOLDER","Candele (??5)","Candele_5_2dbbeeaa6ab742e8.json","E:\AntigravitiProgetti\CompendioTheWitcher\_tools\src-packs\EQUIPAGGIAMENTO\base\witcher-equipment\Candele_5_2dbbeeaa6ab742e8.json"
"?? PLACEHOLDER","Cappuccio a Doppia Trama","Cappuccio_a_Doppia_Trama_26a5ecf364c04903.json","E:\AntigravitiProgetti\CompendioTheWitcher\_tools\src-packs\EQUIPAGGIAMENTO\base\witcher-armor\Cappuccio_a_Doppia_Trama_26a5ecf364c04903.json"
"?? PLACEHOLDER","Cappuccio Corazzato","Cappuccio_Corazzato_5908f0aa32a3481c.json","E:\AntigravitiProgetti\CompendioTheWitcher\_tools\src-packs\EQUIPAGGIAMENTO\base\witcher-armor\Cappuccio_Corazzato_5908f0aa32a3481c.json"
"?? PLACEHOLDER","Cappuccio da Arciere Verden","Cappuccio_da_Arciere_Verden_779074d9d8544651.json","E:\AntigravitiProgetti\CompendioTheWitcher\_tools\src-packs\EQUIPAGGIAMENTO\base\witcher-armor\Cappuccio_da_Arciere_Verden_779074d9d8544651.json"
"?? PLACEHOLDER","Carne Cruda","Carne_Cruda_b193ed0c276adc71.json","E:\AntigravitiProgetti\CompendioTheWitcher\_tools\src-packs\EQUIPAGGIAMENTO\base\witcher-equipment\Carne_Cruda_b193ed0c276adc71.json"
"?? PLACEHOLDER","Caroline","Caroline_c2d3e4f5a6b7c8d9.json","E:\AntigravitiProgetti\CompendioTheWitcher\_tools\src-packs\EQUIPAGGIAMENTO\base\witcher-weapons\Caroline_c2d3e4f5a6b7c8d9.json"
"?? PLACEHOLDER","Carro","Carro_33e07d1c617174f0.json","E:\AntigravitiProgetti\CompendioTheWitcher\_tools\src-packs\EQUIPAGGIAMENTO\base\witcher-transports\Carro_33e07d1c617174f0.json"
"?? PLACEHOLDER","Carrozza","Carrozza_d785eacf9fd40e0b.json","E:\AntigravitiProgetti\CompendioTheWitcher\_tools\src-packs\EQUIPAGGIAMENTO\base\witcher-transports\Carrozza_d785eacf9fd40e0b.json"
"?? PLACEHOLDER","Cavallo","Cavallo_123df63708a14c79.json","E:\AntigravitiProgetti\CompendioTheWitcher\_tools\src-packs\EQUIPAGGIAMENTO\base\witcher-transports\Cavallo_123df63708a14c79.json"
"?? PLACEHOLDER","Cavallo da Guerra","Cavallo_da_Guerra_ed2073af118145ee.json","E:\AntigravitiProgetti\CompendioTheWitcher\_tools\src-packs\EQUIPAGGIAMENTO\base\witcher-transports\Cavallo_da_Guerra_ed2073af118145ee.json"
"?? PLACEHOLDER","Cavallo Noleggiato","Cavallo_Noleggiato_0476fc1b767592fa.json","E:\AntigravitiProgetti\CompendioTheWitcher\_tools\src-packs\EQUIPAGGIAMENTO\base\witcher-equipment\Cavallo_Noleggiato_0476fc1b767592fa.json"
"?? PLACEHOLDER","Ceppi","Ceppi_0331c9f01c634935.json","E:\AntigravitiProgetti\CompendioTheWitcher\_tools\src-packs\EQUIPAGGIAMENTO\base\witcher-equipment\Ceppi_0331c9f01c634935.json"
"?? PLACEHOLDER","Cesta","Cesta_3809d2319b3a4e45.json","E:\AntigravitiProgetti\CompendioTheWitcher\_tools\src-packs\EQUIPAGGIAMENTO\base\witcher-equipment\Cesta_3809d2319b3a4e45.json"
"?? PLACEHOLDER","Clessidra","Clessidra_1c7a22fb25ab4db2.json","E:\AntigravitiProgetti\CompendioTheWitcher\_tools\src-packs\EQUIPAGGIAMENTO\base\witcher-equipment\Clessidra_1c7a22fb25ab4db2.json"
"?? PLACEHOLDER","Clessidra minuscola","Clessidra_minuscola_8f6e57c5b20b6012.json","E:\AntigravitiProgetti\CompendioTheWitcher\_tools\src-packs\EQUIPAGGIAMENTO\base\witcher-equipment\Clessidra_minuscola_8f6e57c5b20b6012.json"
"?? PLACEHOLDER","Coltello da Lancio","Coltello_da_Lancio_1b06de9f1eac4afa.json","E:\AntigravitiProgetti\CompendioTheWitcher\_tools\src-packs\EQUIPAGGIAMENTO\base\witcher-weapons\Coltello_da_Lancio_1b06de9f1eac4afa.json"
"?? PLACEHOLDER","Corda Elfica Magica","corda_elfica_magica_8ebe58d19b416b99.json","E:\AntigravitiProgetti\CompendioTheWitcher\_tools\src-packs\EQUIPAGGIAMENTO\caos\witcher-magic-items\corda_elfica_magica_8ebe58d19b416b99.json"
"?? PLACEHOLDER","Corda Magica Elfica","Corda_Magica_Elfica_21be542af66442d6.json","E:\AntigravitiProgetti\CompendioTheWitcher\_tools\src-packs\EQUIPAGGIAMENTO\caos\witcher-special-chaos\Corda_Magica_Elfica_21be542af66442d6.json"
"?? PLACEHOLDER","Costoliere","Costoliere_1d38b8f9c55f420d.json","E:\AntigravitiProgetti\CompendioTheWitcher\_tools\src-packs\EQUIPAGGIAMENTO\base\witcher-weapons\Costoliere_1d38b8f9c55f420d.json"
"?? PLACEHOLDER","Cronista","Cronista_05554aff6d3442c6.json","E:\AntigravitiProgetti\CompendioTheWitcher\_tools\src-packs\EQUIPAGGIAMENTO\base\witcher-equipment\Cronista_05554aff6d3442c6.json"
"?? PLACEHOLDER","Custodia per Arco","Custodia_per_Arco_00cf2898878221ef.json","E:\AntigravitiProgetti\CompendioTheWitcher\_tools\src-packs\EQUIPAGGIAMENTO\base\witcher-equipment\Custodia_per_Arco_00cf2898878221ef.json"
"?? PLACEHOLDER","Cutter (barca)","Cutter_barca_8a0762370e4fa73f.json","E:\AntigravitiProgetti\CompendioTheWitcher\_tools\src-packs\EQUIPAGGIAMENTO\base\witcher-transports\Cutter_barca_8a0762370e4fa73f.json"
"?? PLACEHOLDER","Dadi truccati","Dadi_truccati_d95c9ecea60556d3.json","E:\AntigravitiProgetti\CompendioTheWitcher\_tools\src-packs\EQUIPAGGIAMENTO\base\witcher-equipment\Dadi_truccati_d95c9ecea60556d3.json"
"?? PLACEHOLDER","Daga a Rondelle Halfling","Daga_a_Rondelle_Halfling_00690dc87f6a0988.json","E:\AntigravitiProgetti\CompendioTheWitcher\_tools\src-packs\EQUIPAGGIAMENTO\base\witcher-weapons\Daga_a_Rondelle_Halfling_00690dc87f6a0988.json"
"?? PLACEHOLDER","Decapitatore","Decapitatore_d3e4f5a6b7c8d9e0.json","E:\AntigravitiProgetti\CompendioTheWitcher\_tools\src-packs\EQUIPAGGIAMENTO\base\witcher-weapons\Decapitatore_d3e4f5a6b7c8d9e0.json"
"?? PLACEHOLDER","Decotto di Arachas","Decotto_di_Arachas_d50584482790f08b.json","E:\AntigravitiProgetti\CompendioTheWitcher\_tools\src-packs\EQUIPAGGIAMENTO\base\witcher-special\Decotto_di_Arachas_d50584482790f08b.json"
"?? PLACEHOLDER","Decotto di Demonio","Decotto_di_Demonio_e1a91e26b2f7a0e9.json","E:\AntigravitiProgetti\CompendioTheWitcher\_tools\src-packs\EQUIPAGGIAMENTO\base\witcher-special\Decotto_di_Demonio_e1a91e26b2f7a0e9.json"
"?? PLACEHOLDER","Decotto di Grifone","Decotto_di_Grifone_1acd4e9304c97f59.json","E:\AntigravitiProgetti\CompendioTheWitcher\_tools\src-packs\EQUIPAGGIAMENTO\base\witcher-special\Decotto_di_Grifone_1acd4e9304c97f59.json"
"?? PLACEHOLDER","Decotto di Katakan","Decotto_di_Katakan_c10f7fbe93bb84ac.json","E:\AntigravitiProgetti\CompendioTheWitcher\_tools\src-packs\EQUIPAGGIAMENTO\base\witcher-special\Decotto_di_Katakan_c10f7fbe93bb84ac.json"
"?? PLACEHOLDER","Decotto di Lupo Mannaro","Decotto_di_Lupo_Mannaro_54dcde0c0887499f.json","E:\AntigravitiProgetti\CompendioTheWitcher\_tools\src-packs\EQUIPAGGIAMENTO\base\witcher-special\Decotto_di_Lupo_Mannaro_54dcde0c0887499f.json"
"?? PLACEHOLDER","Decotto di Nekker","Decotto_di_Nekker_fa92c34dc03e5864.json","E:\AntigravitiProgetti\CompendioTheWitcher\_tools\src-packs\EQUIPAGGIAMENTO\base\witcher-special\Decotto_di_Nekker_fa92c34dc03e5864.json"
"?? PLACEHOLDER","Decotto di Strega dei Sepolcri","Decotto_di_Strega_dei_Sepolcri_d39c8fd2bf6a3959.json","E:\AntigravitiProgetti\CompendioTheWitcher\_tools\src-packs\EQUIPAGGIAMENTO\base\witcher-special\Decotto_di_Strega_dei_Sepolcri_d39c8fd2bf6a3959.json"
"?? PLACEHOLDER","Decotto di Troll","Decotto_di_Troll_305e5eb931330f7c.json","E:\AntigravitiProgetti\CompendioTheWitcher\_tools\src-packs\EQUIPAGGIAMENTO\base\witcher-special\Decotto_di_Troll_305e5eb931330f7c.json"
"?? PLACEHOLDER","Decotto di Viverna","Decotto_di_Viverna_5f32ef44d5307b90.json","E:\AntigravitiProgetti\CompendioTheWitcher\_tools\src-packs\EQUIPAGGIAMENTO\base\witcher-special\Decotto_di_Viverna_5f32ef44d5307b90.json"
"?? PLACEHOLDER","Decotto di Wraith Diurno","Decotto_di_Wraith_Diurno_e906e2c6d8e60fc9.json","E:\AntigravitiProgetti\CompendioTheWitcher\_tools\src-packs\EQUIPAGGIAMENTO\base\witcher-special\Decotto_di_Wraith_Diurno_e906e2c6d8e60fc9.json"
"?? PLACEHOLDER","Destino","Destino_e4f5a6b7c8d9e0f1.json","E:\AntigravitiProgetti\CompendioTheWitcher\_tools\src-packs\EQUIPAGGIAMENTO\base\witcher-weapons\Destino_e4f5a6b7c8d9e0f1.json"
"?? PLACEHOLDER","Devine","Devine_f5a6b7c8d9e0f1a2.json","E:\AntigravitiProgetti\CompendioTheWitcher\_tools\src-packs\EQUIPAGGIAMENTO\base\witcher-weapons\Devine_f5a6b7c8d9e0f1a2.json"
"?? PLACEHOLDER","Diario / Libro Mastro","Diario_-_Libro_Mastro_b59de88fc253d2b4.json","E:\AntigravitiProgetti\CompendioTheWitcher\_tools\src-packs\EQUIPAGGIAMENTO\base\witcher-equipment\Diario_-_Libro_Mastro_b59de88fc253d2b4.json"
"?? PLACEHOLDER","Dolciumi","Dolciumi_554962849e194aef.json","E:\AntigravitiProgetti\CompendioTheWitcher\_tools\src-packs\EQUIPAGGIAMENTO\base\witcher-equipment\Dolciumi_554962849e194aef.json"
"?? PLACEHOLDER","Elmo a Mezza Maschera","Elmo_a_Mezza_Maschera_1cf0d12c7c0c4a96.json","E:\AntigravitiProgetti\CompendioTheWitcher\_tools\src-packs\EQUIPAGGIAMENTO\base\witcher-armor\Elmo_a_Mezza_Maschera_1cf0d12c7c0c4a96.json"
"?? PLACEHOLDER","Elmo di Skellige","Elmo_di_Skellige_251f3f3fe5714cd7.json","E:\AntigravitiProgetti\CompendioTheWitcher\_tools\src-packs\EQUIPAGGIAMENTO\base\witcher-armor\Elmo_di_Skellige_251f3f3fe5714cd7.json"
"?? PLACEHOLDER","Elmo Nilfgaardiano","Elmo_Nilfgaardiano_ad7a867d126246f0.json","E:\AntigravitiProgetti\CompendioTheWitcher\_tools\src-packs\EQUIPAGGIAMENTO\base\witcher-armor\Elmo_Nilfgaardiano_ad7a867d126246f0.json"
"?? PLACEHOLDER","Esboda","Esboda_94e00ab95004418a.json","E:\AntigravitiProgetti\CompendioTheWitcher\_tools\src-packs\EQUIPAGGIAMENTO\base\witcher-weapons\Esboda_94e00ab95004418a.json"
"?? PLACEHOLDER","Falce","Falce_005bc4df8d624fb8.json","E:\AntigravitiProgetti\CompendioTheWitcher\_tools\src-packs\EQUIPAGGIAMENTO\base\witcher-weapons\Falce_005bc4df8d624fb8.json"
"?? PLACEHOLDER","Falcetto","Falcetto_00b99fe70e32c1b8.json","E:\AntigravitiProgetti\CompendioTheWitcher\_tools\src-packs\EQUIPAGGIAMENTO\base\witcher-weapons\Falcetto_00b99fe70e32c1b8.json"
"?? PLACEHOLDER","Falchion da Cacciatore","Falchion_da_Cacciatore_89218c7039e94a26.json","E:\AntigravitiProgetti\CompendioTheWitcher\_tools\src-packs\EQUIPAGGIAMENTO\base\witcher-weapons\Falchion_da_Cacciatore_89218c7039e94a26.json"
"?? PLACEHOLDER","Falcione Elfico","Falcione_Elfico_004618fe1a188a38.json","E:\AntigravitiProgetti\CompendioTheWitcher\_tools\src-packs\EQUIPAGGIAMENTO\base\witcher-weapons\Falcione_Elfico_004618fe1a188a38.json"
"?? PLACEHOLDER","Filtro di Petri","Filtro_di_Petri_ebb731ef647a9ae8.json","E:\AntigravitiProgetti\CompendioTheWitcher\_tools\src-packs\EQUIPAGGIAMENTO\base\witcher-special\Filtro_di_Petri_ebb731ef647a9ae8.json"
"?? PLACEHOLDER","Flamberga","Flamberga.json","E:\AntigravitiProgetti\CompendioTheWitcher\_tools\src-packs\EQUIPAGGIAMENTO\racconti\witcher-weapons-racconti\Flamberga.json"
"?? PLACEHOLDER","Fodero da Giarrettiera","Fodero_da_Giarrettiera_a5d0ee86077ca5b2.json","E:\AntigravitiProgetti\CompendioTheWitcher\_tools\src-packs\EQUIPAGGIAMENTO\base\witcher-equipment\Fodero_da_Giarrettiera_a5d0ee86077ca5b2.json"
"?? PLACEHOLDER","Fodero da Manica","Fodero_da_Manica_8895e74071cee398.json","E:\AntigravitiProgetti\CompendioTheWitcher\_tools\src-packs\EQUIPAGGIAMENTO\base\witcher-equipment\Fodero_da_Manica_8895e74071cee398.json"
"?? PLACEHOLDER","Forcone","Forcone_0005aa95b9b3999c.json","E:\AntigravitiProgetti\CompendioTheWitcher\_tools\src-packs\EQUIPAGGIAMENTO\base\witcher-weapons\Forcone_0005aa95b9b3999c.json"
"?? PLACEHOLDER","Foresta di Maribor","Foresta_di_Maribor_95686235acccb8bb.json","E:\AntigravitiProgetti\CompendioTheWitcher\_tools\src-packs\EQUIPAGGIAMENTO\base\witcher-special\Foresta_di_Maribor_95686235acccb8bb.json"
"?? PLACEHOLDER","Forgia Portatile","Forgia_Portatile_2b659eb0a0cbd8f1.json","E:\AntigravitiProgetti\CompendioTheWitcher\_tools\src-packs\EQUIPAGGIAMENTO\base\witcher-equipment\Forgia_Portatile_2b659eb0a0cbd8f1.json"
"?? PLACEHOLDER","Formula Magica","formula_magica_9d5d66125aeecbdf.json","E:\AntigravitiProgetti\CompendioTheWitcher\_tools\src-packs\EQUIPAGGIAMENTO\caos\witcher-magic-items\formula_magica_9d5d66125aeecbdf.json"
"?? PLACEHOLDER","Formula Magica (Esperto)","Formula_Magica__Esperto__dec2d46cbdd5ed45.json","E:\AntigravitiProgetti\CompendioTheWitcher\_tools\src-packs\EQUIPAGGIAMENTO\caos\witcher-special-chaos\Formula_Magica__Esperto__dec2d46cbdd5ed45.json"
"?? PLACEHOLDER","Formula Magica (Maestro)","Formula_Magica__Maestro__470818480d8243ee.json","E:\AntigravitiProgetti\CompendioTheWitcher\_tools\src-packs\EQUIPAGGIAMENTO\caos\witcher-special-chaos\Formula_Magica__Maestro__470818480d8243ee.json"
"?? PLACEHOLDER","Formula Magica (Novizio)","Formula_Magica__Novizio__292a1898c199f26a.json","E:\AntigravitiProgetti\CompendioTheWitcher\_tools\src-packs\EQUIPAGGIAMENTO\caos\witcher-special-chaos\Formula_Magica__Novizio__292a1898c199f26a.json"
"?? PLACEHOLDER","Forziere di Legno","Forziere_di_Legno_e2a64d611ed035b7.json","E:\AntigravitiProgetti\CompendioTheWitcher\_tools\src-packs\EQUIPAGGIAMENTO\base\witcher-equipment\Forziere_di_Legno_e2a64d611ed035b7.json"
"?? PLACEHOLDER","Galoppino","Galoppino_5cb644ff346d42ab.json","E:\AntigravitiProgetti\CompendioTheWitcher\_tools\src-packs\EQUIPAGGIAMENTO\base\witcher-equipment\Galoppino_5cb644ff346d42ab.json"
"?? PLACEHOLDER","Gambali di Maglia di Hindarsfjall","Gambali_di_Maglia_di_Hindarsfjall_85e958e2dba143c9.json","E:\AntigravitiProgetti\CompendioTheWitcher\_tools\src-packs\EQUIPAGGIAMENTO\base\witcher-armor\Gambali_di_Maglia_di_Hindarsfjall_85e958e2dba143c9.json"
"?? PLACEHOLDER","Gambesone","Gambesone_15857f6ead814bc8.json","E:\AntigravitiProgetti\CompendioTheWitcher\_tools\src-packs\EQUIPAGGIAMENTO\base\witcher-armor\Gambesone_15857f6ead814bc8.json"
"?? PLACEHOLDER","Gambesone a Doppia Trama","Gambesone_a_Doppia_Trama_0ab9221d175b467a.json","E:\AntigravitiProgetti\CompendioTheWitcher\_tools\src-packs\EQUIPAGGIAMENTO\base\witcher-armor\Gambesone_a_Doppia_Trama_0ab9221d175b467a.json"
"?? PLACEHOLDER","Gambesone Aedirniano","Gambesone_Aedirniano_35fa0326be7e4799.json","E:\AntigravitiProgetti\CompendioTheWitcher\_tools\src-packs\EQUIPAGGIAMENTO\base\witcher-armor\Gambesone_Aedirniano_35fa0326be7e4799.json"
"?? PLACEHOLDER","Gatto","Gatto_7ef47a8e26ccade9.json","E:\AntigravitiProgetti\CompendioTheWitcher\_tools\src-packs\EQUIPAGGIAMENTO\base\witcher-special\Gatto_7ef47a8e26ccade9.json"
"?? PLACEHOLDER","Gessetto","Gessetto_3b76ad30a3e1424a.json","E:\AntigravitiProgetti\CompendioTheWitcher\_tools\src-packs\EQUIPAGGIAMENTO\base\witcher-equipment\Gessetto_3b76ad30a3e1424a.json"
"?? PLACEHOLDER","Giaciglio","Giaciglio_0825956a16624c35.json","E:\AntigravitiProgetti\CompendioTheWitcher\_tools\src-packs\EQUIPAGGIAMENTO\base\witcher-equipment\Giaciglio_0825956a16624c35.json"
"?? PLACEHOLDER","Gioielli","Gioielli_2c7ba231626d4418.json","E:\AntigravitiProgetti\CompendioTheWitcher\_tools\src-packs\EQUIPAGGIAMENTO\base\witcher-equipment\Gioielli_2c7ba231626d4418.json"
"?? PLACEHOLDER","Giro in Carrozza","Giro_in_Carrozza_eb67f269cf3767f3.json","E:\AntigravitiProgetti\CompendioTheWitcher\_tools\src-packs\EQUIPAGGIAMENTO\base\witcher-equipment\Giro_in_Carrozza_eb67f269cf3767f3.json"
"?? PLACEHOLDER","Giubba di Cuoio Lyriana","Giubba_di_Cuoio_Lyriana_d4ee9209c1ea45c9.json","E:\AntigravitiProgetti\CompendioTheWitcher\_tools\src-packs\EQUIPAGGIAMENTO\base\witcher-armor\Giubba_di_Cuoio_Lyriana_d4ee9209c1ea45c9.json"
"?? PLACEHOLDER","Gleddyf","Gleddyf_63a1778f331749d9.json","E:\AntigravitiProgetti\CompendioTheWitcher\_tools\src-packs\EQUIPAGGIAMENTO\base\witcher-weapons\Gleddyf_63a1778f331749d9.json"
"?? PLACEHOLDER","Grande Elmo","Grande_Elmo_28a42275e0294a03.json","E:\AntigravitiProgetti\CompendioTheWitcher\_tools\src-packs\EQUIPAGGIAMENTO\base\witcher-armor\Grande_Elmo_28a42275e0294a03.json"
"?? PLACEHOLDER","Gufo Fulvo","Gufo_Fulvo_7c14884813d01892.json","E:\AntigravitiProgetti\CompendioTheWitcher\_tools\src-packs\EQUIPAGGIAMENTO\base\witcher-special\Gufo_Fulvo_7c14884813d01892.json"
"?? PLACEHOLDER","Gwyhyr Gnomesca","Gwyhyr_Gnomesca_00fecd750979a238.json","E:\AntigravitiProgetti\CompendioTheWitcher\_tools\src-packs\EQUIPAGGIAMENTO\base\witcher-weapons\Gwyhyr_Gnomesca_00fecd750979a238.json"
"?? PLACEHOLDER","Incerata","Incerata_15194ac65ebc4309.json","E:\AntigravitiProgetti\CompendioTheWitcher\_tools\src-packs\EQUIPAGGIAMENTO\base\witcher-equipment\Incerata_15194ac65ebc4309.json"
"?? PLACEHOLDER","Intrattenimento","Intrattenimento_7c2159f96b11eddd.json","E:\AntigravitiProgetti\CompendioTheWitcher\_tools\src-packs\EQUIPAGGIAMENTO\base\witcher-equipment\Intrattenimento_7c2159f96b11eddd.json"
"?? PLACEHOLDER","Investigatore","Investigatore_2f87986005e64ff4.json","E:\AntigravitiProgetti\CompendioTheWitcher\_tools\src-packs\EQUIPAGGIAMENTO\base\witcher-equipment\Investigatore_2f87986005e64ff4.json"
"?? PLACEHOLDER","Jambiya","Jambiya_62953f574ed44869.json","E:\AntigravitiProgetti\CompendioTheWitcher\_tools\src-packs\EQUIPAGGIAMENTO\base\witcher-weapons\Jambiya_62953f574ed44869.json"
"?? PLACEHOLDER","Kit da Falsario","Kit_da_Falsario_f514d65de60a299e.json","E:\AntigravitiProgetti\CompendioTheWitcher\_tools\src-packs\EQUIPAGGIAMENTO\base\witcher-equipment\Kit_da_Falsario_f514d65de60a299e.json"
"?? PLACEHOLDER","Kit per il Camuffamento","Kit_per_il_Camuffamento_b973d8bfd6a59942.json","E:\AntigravitiProgetti\CompendioTheWitcher\_tools\src-packs\EQUIPAGGIAMENTO\base\witcher-equipment\Kit_per_il_Camuffamento_b973d8bfd6a59942.json"
"?? PLACEHOLDER","Kit per il Trucco","Kit_per_il_Trucco_2fc480e21c5b4d57.json","E:\AntigravitiProgetti\CompendioTheWitcher\_tools\src-packs\EQUIPAGGIAMENTO\base\witcher-equipment\Kit_per_il_Trucco_2fc480e21c5b4d57.json"
"?? PLACEHOLDER","Kord","Kord_30078fa035df4e50.json","E:\AntigravitiProgetti\CompendioTheWitcher\_tools\src-packs\EQUIPAGGIAMENTO\base\witcher-weapons\Kord_30078fa035df4e50.json"
"?? PLACEHOLDER","Krigsverd","Krigsverd_8baf3e82cc9a4cc6.json","E:\AntigravitiProgetti\CompendioTheWitcher\_tools\src-packs\EQUIPAGGIAMENTO\base\witcher-weapons\Krigsverd_8baf3e82cc9a4cc6.json"
"?? PLACEHOLDER","Lama del Tir Tochair","Lama_del_Tir_Tochair_0005b5430715c5a1.json","E:\AntigravitiProgetti\CompendioTheWitcher\_tools\src-packs\EQUIPAGGIAMENTO\base\witcher-weapons\Lama_del_Tir_Tochair_0005b5430715c5a1.json"
"?? PLACEHOLDER","Lama Vicovariana","Lama_Vicovariana_964a7a583fe34843.json","E:\AntigravitiProgetti\CompendioTheWitcher\_tools\src-packs\EQUIPAGGIAMENTO\base\witcher-weapons\Lama_Vicovariana_964a7a583fe34843.json"
"?? PLACEHOLDER","Lama Viroledana","Lama_Viroledana.json","E:\AntigravitiProgetti\CompendioTheWitcher\_tools\src-packs\EQUIPAGGIAMENTO\racconti\witcher-weapons-racconti\Lama_Viroledana.json"
"?? PLACEHOLDER","Lancia","Lancia_457d3ed6765f4524.json","E:\AntigravitiProgetti\CompendioTheWitcher\_tools\src-packs\EQUIPAGGIAMENTO\base\witcher-weapons\Lancia_457d3ed6765f4524.json"
"?? PLACEHOLDER","Lancia da Guerra","Lancia_da_Guerra.json","E:\AntigravitiProgetti\CompendioTheWitcher\_tools\src-packs\EQUIPAGGIAMENTO\racconti\witcher-weapons-racconti\Lancia_da_Guerra.json"
"?? PLACEHOLDER","Lancia Smussata","Lancia_Smussata.json","E:\AntigravitiProgetti\CompendioTheWitcher\_tools\src-packs\EQUIPAGGIAMENTO\racconti\witcher-weapons-racconti\Lancia_Smussata.json"
"?? PLACEHOLDER","Lanterna","Lanterna_903b1aee31c44aaf.json","E:\AntigravitiProgetti\CompendioTheWitcher\_tools\src-packs\EQUIPAGGIAMENTO\base\witcher-equipment\Lanterna_903b1aee31c44aaf.json"
"?? PLACEHOLDER","Lanterna Schermata","Lanterna_Schermata_a6555b826b91bdc7.json","E:\AntigravitiProgetti\CompendioTheWitcher\_tools\src-packs\EQUIPAGGIAMENTO\base\witcher-equipment\Lanterna_Schermata_a6555b826b91bdc7.json"
"?? PLACEHOLDER","Lavanderia","Lavanderia_90536d53a756471d.json","E:\AntigravitiProgetti\CompendioTheWitcher\_tools\src-packs\EQUIPAGGIAMENTO\base\witcher-equipment\Lavanderia_90536d53a756471d.json"
"?? PLACEHOLDER","Legame di Coppia","Legame_di_Coppia_f1d6d9a95e914fa3.json","E:\AntigravitiProgetti\CompendioTheWitcher\_tools\src-packs\EQUIPAGGIAMENTO\caos\witcher-special-chaos\Legame_di_Coppia_f1d6d9a95e914fa3.json"
"?? PLACEHOLDER","Legame di Coppia","legame_di_coppia_cef1db19b98c39de.json","E:\AntigravitiProgetti\CompendioTheWitcher\_tools\src-packs\EQUIPAGGIAMENTO\caos\witcher-magic-items\legame_di_coppia_cef1db19b98c39de.json"
"?? PLACEHOLDER","Lucchetto","Lucchetto_af9dcffda35e446c.json","E:\AntigravitiProgetti\CompendioTheWitcher\_tools\src-packs\EQUIPAGGIAMENTO\base\witcher-equipment\Lucchetto_af9dcffda35e446c.json"
"?? PLACEHOLDER","Lucchetto Robusto","Lucchetto_Robusto_63f86bddf3b2af43.json","E:\AntigravitiProgetti\CompendioTheWitcher\_tools\src-packs\EQUIPAGGIAMENTO\base\witcher-equipment\Lucchetto_Robusto_63f86bddf3b2af43.json"
"?? PLACEHOLDER","Luna Piena","Luna_Piena_5846886fdf059329.json","E:\AntigravitiProgetti\CompendioTheWitcher\_tools\src-packs\EQUIPAGGIAMENTO\base\witcher-special\Luna_Piena_5846886fdf059329.json"
"?? PLACEHOLDER","Lupo","Lupo_a6b7c8d9e0f1a2b3.json","E:\AntigravitiProgetti\CompendioTheWitcher\_tools\src-packs\EQUIPAGGIAMENTO\base\witcher-weapons\Lupo_a6b7c8d9e0f1a2b3.json"
"?? PLACEHOLDER","Maglio degli Altipiani","Maglio_degli_Altipiani_53bb53bd66d24da9.json","E:\AntigravitiProgetti\CompendioTheWitcher\_tools\src-packs\EQUIPAGGIAMENTO\base\witcher-weapons\Maglio_degli_Altipiani_53bb53bd66d24da9.json"
"?? PLACEHOLDER","Maglio del Contadino","Maglio_del_Contadino.json","E:\AntigravitiProgetti\CompendioTheWitcher\_tools\src-packs\EQUIPAGGIAMENTO\racconti\witcher-weapons-racconti\Maglio_del_Contadino.json"
"?? PLACEHOLDER","Manette","Manette_012e9b2163804939.json","E:\AntigravitiProgetti\CompendioTheWitcher\_tools\src-packs\EQUIPAGGIAMENTO\base\witcher-equipment\Manette_012e9b2163804939.json"
"?? PLACEHOLDER","Mannaia di Hood","Mannaia_di_Hood_b7c8d9e0f1a2b3c4.json","E:\AntigravitiProgetti\CompendioTheWitcher\_tools\src-packs\EQUIPAGGIAMENTO\base\witcher-weapons\Mannaia_di_Hood_b7c8d9e0f1a2b3c4.json"
"?? PLACEHOLDER","Mannaia Nanica","Mannaia_Nanica_000a01ded89f9801.json","E:\AntigravitiProgetti\CompendioTheWitcher\_tools\src-packs\EQUIPAGGIAMENTO\base\witcher-weapons\Mannaia_Nanica_000a01ded89f9801.json"
"?? PLACEHOLDER","Mappa del Continente","Mappa_del_Continente_2eb543cf37545f3a.json","E:\AntigravitiProgetti\CompendioTheWitcher\_tools\src-packs\EQUIPAGGIAMENTO\base\witcher-equipment\Mappa_del_Continente_2eb543cf37545f3a.json"
"?? PLACEHOLDER","Martello da Cavaliere","Martello_da_Cavaliere.json","E:\AntigravitiProgetti\CompendioTheWitcher\_tools\src-packs\EQUIPAGGIAMENTO\racconti\witcher-weapons-racconti\Martello_da_Cavaliere.json"
"?? PLACEHOLDER","Martello d'Armi Mahakaman","Martello_dArmi_Mahakaman_009a793bfe2d9ab8.json","E:\AntigravitiProgetti\CompendioTheWitcher\_tools\src-packs\EQUIPAGGIAMENTO\base\witcher-weapons\Martello_dArmi_Mahakaman_009a793bfe2d9ab8.json"
"?? PLACEHOLDER","Maugrim","Maugrim_c8d9e0f1a2b3c4d5.json","E:\AntigravitiProgetti\CompendioTheWitcher\_tools\src-packs\EQUIPAGGIAMENTO\base\witcher-weapons\Maugrim_c8d9e0f1a2b3c4d5.json"
"?? PLACEHOLDER","Mazza","Mazza_703ae8232f6349ab.json","E:\AntigravitiProgetti\CompendioTheWitcher\_tools\src-packs\EQUIPAGGIAMENTO\base\witcher-weapons\Mazza_703ae8232f6349ab.json"
"?? PLACEHOLDER","Mazzafrusto Meteoritico","Mazzafrusto_Meteoritico_00692dd539a67b28.json","E:\AntigravitiProgetti\CompendioTheWitcher\_tools\src-packs\EQUIPAGGIAMENTO\base\witcher-weapons\Mazzafrusto_Meteoritico_00692dd539a67b28.json"
"?? PLACEHOLDER","Mazzapicchio Nanico","Mazzapicchio_Nanico_00c4a95e447271d8.json","E:\AntigravitiProgetti\CompendioTheWitcher\_tools\src-packs\EQUIPAGGIAMENTO\base\witcher-weapons\Mazzapicchio_Nanico_00c4a95e447271d8.json"
"?? PLACEHOLDER","Mazzo di Gwent","Mazzo_di_Gwent_855d242ff1206845.json","E:\AntigravitiProgetti\CompendioTheWitcher\_tools\src-packs\EQUIPAGGIAMENTO\base\witcher-equipment\Mazzo_di_Gwent_855d242ff1206845.json"
"?? PLACEHOLDER","Medaglione da Witcher","Medaglione_da_Witcher_d8953dd21b37d036.json","E:\AntigravitiProgetti\CompendioTheWitcher\_tools\src-packs\EQUIPAGGIAMENTO\base\witcher-special\Medaglione_da_Witcher_d8953dd21b37d036.json"
"?? PLACEHOLDER","Medico","Medico_7ec8a90ac1d79862.json","E:\AntigravitiProgetti\CompendioTheWitcher\_tools\src-packs\EQUIPAGGIAMENTO\base\witcher-equipment\Medico_7ec8a90ac1d79862.json"
"?? PLACEHOLDER","Megascopio","megascopio_13e42d98e4fcfe05.json","E:\AntigravitiProgetti\CompendioTheWitcher\_tools\src-packs\EQUIPAGGIAMENTO\caos\witcher-magic-items\megascopio_13e42d98e4fcfe05.json"
"?? PLACEHOLDER","Megascopio","Megascopio_2b8a95090d518ef0.json","E:\AntigravitiProgetti\CompendioTheWitcher\_tools\src-packs\EQUIPAGGIAMENTO\caos\witcher-special-chaos\Megascopio_2b8a95090d518ef0.json"
"?? PLACEHOLDER","Messaggero","Messaggero_a93f7606b2a742c6.json","E:\AntigravitiProgetti\CompendioTheWitcher\_tools\src-packs\EQUIPAGGIAMENTO\base\witcher-equipment\Messaggero_a93f7606b2a742c6.json"
"?? PLACEHOLDER","Messer Elfico","Messer_Elfico_000c6c06cba95144.json","E:\AntigravitiProgetti\CompendioTheWitcher\_tools\src-packs\EQUIPAGGIAMENTO\base\witcher-weapons\Messer_Elfico_000c6c06cba95144.json"
"?? PLACEHOLDER","Miele Bianco","Miele_Bianco_795c57fc484a8ddc.json","E:\AntigravitiProgetti\CompendioTheWitcher\_tools\src-packs\EQUIPAGGIAMENTO\base\witcher-special\Miele_Bianco_795c57fc484a8ddc.json"
"?? PLACEHOLDER","Morte Rossa","Morte_Rossa_d9e0f1a2b3c4d5e6.json","E:\AntigravitiProgetti\CompendioTheWitcher\_tools\src-packs\EQUIPAGGIAMENTO\base\witcher-weapons\Morte_Rossa_d9e0f1a2b3c4d5e6.json"
"?? PLACEHOLDER","Mulo","Mulo_a2528405116aa117.json","E:\AntigravitiProgetti\CompendioTheWitcher\_tools\src-packs\EQUIPAGGIAMENTO\base\witcher-transports\Mulo_a2528405116aa117.json"
"?? PLACEHOLDER","Munizioni Bodkin","Munizioni_Bodkin_e0a1b2c3d4e5f604.json","E:\AntigravitiProgetti\CompendioTheWitcher\_tools\src-packs\EQUIPAGGIAMENTO\base\witcher-weapons\Munizioni_Bodkin_e0a1b2c3d4e5f604.json"
"?? PLACEHOLDER","Munizioni Da Impatto Naniche","Munizioni_Da_Impatto_Naniche_e0a1b2c3d4e5f609.json","E:\AntigravitiProgetti\CompendioTheWitcher\_tools\src-packs\EQUIPAGGIAMENTO\base\witcher-weapons\Munizioni_Da_Impatto_Naniche_e0a1b2c3d4e5f609.json"
"?? PLACEHOLDER","Munizioni Esplosive","Munizioni_Esplosive_e0a1b2c3d4e5f607.json","E:\AntigravitiProgetti\CompendioTheWitcher\_tools\src-packs\EQUIPAGGIAMENTO\base\witcher-weapons\Munizioni_Esplosive_e0a1b2c3d4e5f607.json"
"?? PLACEHOLDER","Munizioni Multiple","Munizioni_Multiple_e0a1b2c3d4e5f605.json","E:\AntigravitiProgetti\CompendioTheWitcher\_tools\src-packs\EQUIPAGGIAMENTO\base\witcher-weapons\Munizioni_Multiple_e0a1b2c3d4e5f605.json"
"?? PLACEHOLDER","Munizioni Normali","Munizioni_Normali_e0a1b2c3d4e5f601.json","E:\AntigravitiProgetti\CompendioTheWitcher\_tools\src-packs\EQUIPAGGIAMENTO\base\witcher-weapons\Munizioni_Normali_e0a1b2c3d4e5f601.json"
"?? PLACEHOLDER","Munizioni Punta Larga","Munizioni_Punta_Larga_e0a1b2c3d4e5f603.json","E:\AntigravitiProgetti\CompendioTheWitcher\_tools\src-packs\EQUIPAGGIAMENTO\base\witcher-weapons\Munizioni_Punta_Larga_e0a1b2c3d4e5f603.json"
"?? PLACEHOLDER","Munizioni Smussate","Munizioni_Smussate_e0a1b2c3d4e5f602.json","E:\AntigravitiProgetti\CompendioTheWitcher\_tools\src-packs\EQUIPAGGIAMENTO\base\witcher-weapons\Munizioni_Smussate_e0a1b2c3d4e5f602.json"
"?? PLACEHOLDER","Munizioni Sventratrici Elfiche","Munizioni_Sventratrici_Elfiche_e0a1b2c3d4e5f608.json","E:\AntigravitiProgetti\CompendioTheWitcher\_tools\src-packs\EQUIPAGGIAMENTO\base\witcher-weapons\Munizioni_Sventratrici_Elfiche_e0a1b2c3d4e5f608.json"
"?? PLACEHOLDER","Munizioni Traccianti","Munizioni_Traccianti_e0a1b2c3d4e5f606.json","E:\AntigravitiProgetti\CompendioTheWitcher\_tools\src-packs\EQUIPAGGIAMENTO\base\witcher-weapons\Munizioni_Traccianti_e0a1b2c3d4e5f606.json"
"?? PLACEHOLDER","Nave a Vela","Nave_a_Vela_44e2a65000502ab3.json","E:\AntigravitiProgetti\CompendioTheWitcher\_tools\src-packs\EQUIPAGGIAMENTO\base\witcher-transports\Nave_a_Vela_44e2a65000502ab3.json"
"?? PLACEHOLDER","Occhio di Nehaleni","Occhio_di_Nehaleni_4cd4a6d4be4161ff.json","E:\AntigravitiProgetti\CompendioTheWitcher\_tools\src-packs\EQUIPAGGIAMENTO\caos\witcher-special-chaos\Occhio_di_Nehaleni_4cd4a6d4be4161ff.json"
"?? PLACEHOLDER","Occhio di Nehaleni","occhio_di_nehaleni_a38f3a63ea33f8f4.json","E:\AntigravitiProgetti\CompendioTheWitcher\_tools\src-packs\EQUIPAGGIAMENTO\caos\witcher-magic-items\occhio_di_nehaleni_a38f3a63ea33f8f4.json"
"?? PLACEHOLDER","Occorrente per Scrivere","Occorrente_per_Scrivere_7f0e91b83500995e.json","E:\AntigravitiProgetti\CompendioTheWitcher\_tools\src-packs\EQUIPAGGIAMENTO\base\witcher-equipment\Occorrente_per_Scrivere_7f0e91b83500995e.json"
"?? PLACEHOLDER","Ogh'r","Ogh'r_e0f1a2b3c4d5e6f7.json","E:\AntigravitiProgetti\CompendioTheWitcher\_tools\src-packs\EQUIPAGGIAMENTO\base\witcher-weapons\Ogh'r_e0f1a2b3c4d5e6f7.json"
"?? PLACEHOLDER","Orca Assassina","Orca_Assassina_16f2284f9b0e8d8b.json","E:\AntigravitiProgetti\CompendioTheWitcher\_tools\src-packs\EQUIPAGGIAMENTO\base\witcher-special\Orca_Assassina_16f2284f9b0e8d8b.json"
"?? PLACEHOLDER","Orione","Orione_6c74f2fb56bb446d.json","E:\AntigravitiProgetti\CompendioTheWitcher\_tools\src-packs\EQUIPAGGIAMENTO\base\witcher-weapons\Orione_6c74f2fb56bb446d.json"
"?? PLACEHOLDER","Paglia sul Pavimento","Paglia_sul_Pavimento_3b88c9437acfb438.json","E:\AntigravitiProgetti\CompendioTheWitcher\_tools\src-packs\EQUIPAGGIAMENTO\base\witcher-equipment\Paglia_sul_Pavimento_3b88c9437acfb438.json"
"?? PLACEHOLDER","Pala","Pala_0009c778f870b921.json","E:\AntigravitiProgetti\CompendioTheWitcher\_tools\src-packs\EQUIPAGGIAMENTO\base\witcher-weapons\Pala_0009c778f870b921.json"
"?? PLACEHOLDER","Palvese","Palvese_1d9b657ce3bc488e.json","E:\AntigravitiProgetti\CompendioTheWitcher\_tools\src-packs\EQUIPAGGIAMENTO\base\witcher-armor\Palvese_1d9b657ce3bc488e.json"
"?? PLACEHOLDER","Palvese Nilfgaardiano","Palvese_Nilfgaardiano_9385cb1c78594f42.json","E:\AntigravitiProgetti\CompendioTheWitcher\_tools\src-packs\EQUIPAGGIAMENTO\base\witcher-armor\Palvese_Nilfgaardiano_9385cb1c78594f42.json"
"?? PLACEHOLDER","Paraocchi","Paraocchi_9afc4de06080b8e3.json","E:\AntigravitiProgetti\CompendioTheWitcher\_tools\src-packs\EQUIPAGGIAMENTO\base\witcher-transports\Paraocchi_9afc4de06080b8e3.json"
"?? PLACEHOLDER","Paraocchi da Corsa","Paraocchi_da_Corsa_25c1c9e6f2029e8d.json","E:\AntigravitiProgetti\CompendioTheWitcher\_tools\src-packs\EQUIPAGGIAMENTO\base\witcher-transports\Paraocchi_da_Corsa_25c1c9e6f2029e8d.json"
"?? PLACEHOLDER","Partigiana","Partigiana.json","E:\AntigravitiProgetti\CompendioTheWitcher\_tools\src-packs\EQUIPAGGIAMENTO\racconti\witcher-weapons-racconti\Partigiana.json"
"?? PLACEHOLDER","Pasto Semplice","Pasto_Semplice_b6ee0b090a412f5e.json","E:\AntigravitiProgetti\CompendioTheWitcher\_tools\src-packs\EQUIPAGGIAMENTO\base\witcher-equipment\Pasto_Semplice_b6ee0b090a412f5e.json"
"?? PLACEHOLDER","Pedaggio di Accesso","Pedaggio_di_Accesso_6decda85e94594ed.json","E:\AntigravitiProgetti\CompendioTheWitcher\_tools\src-packs\EQUIPAGGIAMENTO\base\witcher-equipment\Pedaggio_di_Accesso_6decda85e94594ed.json"
"?? PLACEHOLDER","Picchetti (??5)","Picchetti_5_1267697207ac492c.json","E:\AntigravitiProgetti\CompendioTheWitcher\_tools\src-packs\EQUIPAGGIAMENTO\base\witcher-equipment\Picchetti_5_1267697207ac492c.json"
"?? PLACEHOLDER","Pietra Allarme (Pietra del Potere)","Pietra_Allarme__Pietra_del_Potere__b5a6c68e3b740061.json","E:\AntigravitiProgetti\CompendioTheWitcher\_tools\src-packs\EQUIPAGGIAMENTO\caos\witcher-special-chaos\Pietra_Allarme__Pietra_del_Potere__b5a6c68e3b740061.json"
"?? PLACEHOLDER","Pietra Arco (Pietra del Potere)","Pietra_Arco__Pietra_del_Potere__504739bd969565fb.json","E:\AntigravitiProgetti\CompendioTheWitcher\_tools\src-packs\EQUIPAGGIAMENTO\caos\witcher-special-chaos\Pietra_Arco__Pietra_del_Potere__504739bd969565fb.json"
"?? PLACEHOLDER","Pietra dell'Illusione (Pietra del Potere)","Pietra_dellIllusione__Pietra_del_Potere__8837809dbc898944.json","E:\AntigravitiProgetti\CompendioTheWitcher\_tools\src-packs\EQUIPAGGIAMENTO\caos\witcher-special-chaos\Pietra_dellIllusione__Pietra_del_Potere__8837809dbc898944.json"
"?? PLACEHOLDER","Pietra Guardiana: Allarme","pietra_guardiana__allarme_3dec698af9a63db7.json","E:\AntigravitiProgetti\CompendioTheWitcher\_tools\src-packs\EQUIPAGGIAMENTO\caos\witcher-magic-items\pietra_guardiana__allarme_3dec698af9a63db7.json"
"?? PLACEHOLDER","Pietra Guardiana: Arco","pietra_guardiana__arco_0dd83399889c716a.json","E:\AntigravitiProgetti\CompendioTheWitcher\_tools\src-packs\EQUIPAGGIAMENTO\caos\witcher-magic-items\pietra_guardiana__arco_0dd83399889c716a.json"
"?? PLACEHOLDER","Pietra Guardiana: Illusione","pietra_guardiana__illusione_cdb9a91dadf23e9b.json","E:\AntigravitiProgetti\CompendioTheWitcher\_tools\src-packs\EQUIPAGGIAMENTO\caos\witcher-magic-items\pietra_guardiana__illusione_cdb9a91dadf23e9b.json"
"?? PLACEHOLDER","Pipa","Pipa_6590330f21dc441d.json","E:\AntigravitiProgetti\CompendioTheWitcher\_tools\src-packs\EQUIPAGGIAMENTO\base\witcher-equipment\Pipa_6590330f21dc441d.json"
"?? PLACEHOLDER","Plancia da Poker con Dadi","Plancia_da_Poker_con_Dadi_0fecb247b05c8e55.json","E:\AntigravitiProgetti\CompendioTheWitcher\_tools\src-packs\EQUIPAGGIAMENTO\base\witcher-equipment\Plancia_da_Poker_con_Dadi_0fecb247b05c8e55.json"
"?? PLACEHOLDER","Portale Fisso","portale_fisso_29a6b8a3db86850e.json","E:\AntigravitiProgetti\CompendioTheWitcher\_tools\src-packs\EQUIPAGGIAMENTO\caos\witcher-magic-items\portale_fisso_29a6b8a3db86850e.json"
"?? PLACEHOLDER","Portale Fisso","Portale_Fisso_aeb5cfffb10950bb.json","E:\AntigravitiProgetti\CompendioTheWitcher\_tools\src-packs\EQUIPAGGIAMENTO\caos\witcher-special-chaos\Portale_Fisso_aeb5cfffb10950bb.json"
"?? PLACEHOLDER","Profumo / Acqua di Colonia","Profumo_-_Acqua_di_Colonia_9813c3ad8c118fde.json","E:\AntigravitiProgetti\CompendioTheWitcher\_tools\src-packs\EQUIPAGGIAMENTO\base\witcher-equipment\Profumo_-_Acqua_di_Colonia_9813c3ad8c118fde.json"
"?? PLACEHOLDER","Prostituta","Prostituta_f00be6bd9788f9b9.json","E:\AntigravitiProgetti\CompendioTheWitcher\_tools\src-packs\EQUIPAGGIAMENTO\base\witcher-equipment\Prostituta_f00be6bd9788f9b9.json"
"?? PLACEHOLDER","Pugnale","Pugnale_08c8bc3916a44ba5.json","E:\AntigravitiProgetti\CompendioTheWitcher\_tools\src-packs\EQUIPAGGIAMENTO\base\witcher-weapons\Pugnale_08c8bc3916a44ba5.json"
"?? PLACEHOLDER","Pugnale di Diaspro Sang.","Pugnale_di_Diaspro_Sang._004c9f9702b73e28.json","E:\AntigravitiProgetti\CompendioTheWitcher\_tools\src-packs\EQUIPAGGIAMENTO\base\witcher-weapons\Pugnale_di_Diaspro_Sang._004c9f9702b73e28.json"
"?? PLACEHOLDER","Quadrifoglio","quadrifoglio_795428b64d9a743c.json","E:\AntigravitiProgetti\CompendioTheWitcher\_tools\src-packs\EQUIPAGGIAMENTO\caos\witcher-magic-items\quadrifoglio_795428b64d9a743c.json"
"?? PLACEHOLDER","Quadrifoglio","Quadrifoglio_b8d5a8deddba2326.json","E:\AntigravitiProgetti\CompendioTheWitcher\_tools\src-packs\EQUIPAGGIAMENTO\caos\witcher-special-chaos\Quadrifoglio_b8d5a8deddba2326.json"
"?? PLACEHOLDER","Rampino","Rampino_773afe5f357947b7.json","E:\AntigravitiProgetti\CompendioTheWitcher\_tools\src-packs\EQUIPAGGIAMENTO\base\witcher-equipment\Rampino_773afe5f357947b7.json"
"?? PLACEHOLDER","Razioni da Viaggio (1 giorno)","Razioni_da_Viaggio_8c1fc4ca62f8d45e.json","E:\AntigravitiProgetti\CompendioTheWitcher\_tools\src-packs\EQUIPAGGIAMENTO\base\witcher-equipment\Razioni_da_Viaggio_8c1fc4ca62f8d45e.json"
"?? PLACEHOLDER","Rete con Pesi","Rete_con_Pesi_00087b72ccc85dd4.json","E:\AntigravitiProgetti\CompendioTheWitcher\_tools\src-packs\EQUIPAGGIAMENTO\base\witcher-weapons\Rete_con_Pesi_00087b72ccc85dd4.json"
"?? PLACEHOLDER","Rete per Mostri","Rete_per_Mostri_00d1518fdb648a28.json","E:\AntigravitiProgetti\CompendioTheWitcher\_tools\src-packs\EQUIPAGGIAMENTO\base\witcher-weapons\Rete_per_Mostri_00d1518fdb648a28.json"
"?? PLACEHOLDER","Ricettatore","Ricettatore_c6b5ed14eda9e0c6.json","E:\AntigravitiProgetti\CompendioTheWitcher\_tools\src-packs\EQUIPAGGIAMENTO\base\witcher-equipment\Ricettatore_c6b5ed14eda9e0c6.json"
"?? PLACEHOLDER","Rigogolo Dorato","Rigogolo_Dorato_8253181f79f2c0c1.json","E:\AntigravitiProgetti\CompendioTheWitcher\_tools\src-packs\EQUIPAGGIAMENTO\base\witcher-special\Rigogolo_Dorato_8253181f79f2c0c1.json"
"?? PLACEHOLDER","Rondine","Rondine_0632dbfb490dee6d.json","E:\AntigravitiProgetti\CompendioTheWitcher\_tools\src-packs\EQUIPAGGIAMENTO\base\witcher-special\Rondine_0632dbfb490dee6d.json"
"?? PLACEHOLDER","Sacca da Viaggio","Sacca_da_Viaggio_9011460d40f773a0.json","E:\AntigravitiProgetti\CompendioTheWitcher\_tools\src-packs\EQUIPAGGIAMENTO\base\witcher-equipment\Sacca_da_Viaggio_9011460d40f773a0.json"
"?? PLACEHOLDER","Sacco","Sacco_81c2ab1ca91a40e7.json","E:\AntigravitiProgetti\CompendioTheWitcher\_tools\src-packs\EQUIPAGGIAMENTO\base\witcher-equipment\Sacco_81c2ab1ca91a40e7.json"
"?? PLACEHOLDER","Sangue Nero","Sangue_Nero_e4449d568b409a4c.json","E:\AntigravitiProgetti\CompendioTheWitcher\_tools\src-packs\EQUIPAGGIAMENTO\base\witcher-special\Sangue_Nero_e4449d568b409a4c.json"
"?? PLACEHOLDER","Sapone","Sapone_8a9850e62169431f.json","E:\AntigravitiProgetti\CompendioTheWitcher\_tools\src-packs\EQUIPAGGIAMENTO\base\witcher-equipment\Sapone_8a9850e62169431f.json"
"?? PLACEHOLDER","Schinieri di Piastre","Schinieri_di_Piastre_a193d292b83d491c.json","E:\AntigravitiProgetti\CompendioTheWitcher\_tools\src-packs\EQUIPAGGIAMENTO\base\witcher-armor\Schinieri_di_Piastre_a193d292b83d491c.json"
"?? PLACEHOLDER","Schinieri Nilfgaardiani","Schinieri_Nilfgaardiani_2af41ab1860f4397.json","E:\AntigravitiProgetti\CompendioTheWitcher\_tools\src-packs\EQUIPAGGIAMENTO\base\witcher-armor\Schinieri_Nilfgaardiani_2af41ab1860f4397.json"
"?? PLACEHOLDER","Schinieri Redaniani","Schinieri_Redaniani_0c699eff0463498c.json","E:\AntigravitiProgetti\CompendioTheWitcher\_tools\src-packs\EQUIPAGGIAMENTO\base\witcher-armor\Schinieri_Redaniani_0c699eff0463498c.json"
"?? PLACEHOLDER","Scorpione (Balista)","Scorpione_(Balista)_00056b29e0b098b1.json","E:\AntigravitiProgetti\CompendioTheWitcher\_tools\src-packs\EQUIPAGGIAMENTO\base\witcher-weapons\Scorpione_(Balista)_00056b29e0b098b1.json"
"?? PLACEHOLDER","Scrigno di Legno","Scrigno_di_Legno_edb3a5939fc8691c.json","E:\AntigravitiProgetti\CompendioTheWitcher\_tools\src-packs\EQUIPAGGIAMENTO\base\witcher-equipment\Scrigno_di_Legno_edb3a5939fc8691c.json"
"?? PLACEHOLDER","Scudo da Razziatore Skellige","Scudo_da_Razziatore_Skellige_18dddff08cf94cc5.json","E:\AntigravitiProgetti\CompendioTheWitcher\_tools\src-packs\EQUIPAGGIAMENTO\base\witcher-armor\Scudo_da_Razziatore_Skellige_18dddff08cf94cc5.json"
"?? PLACEHOLDER","Scudo d???Acciaio a Goccia","Scudo_dAcciaio_a_Goccia_6a75a26b4acf4556.json","E:\AntigravitiProgetti\CompendioTheWitcher\_tools\src-packs\EQUIPAGGIAMENTO\base\witcher-armor\Scudo_dAcciaio_a_Goccia_6a75a26b4acf4556.json"
"?? PLACEHOLDER","Scudo di Cuoio","Scudo_di_Cuoio_4d36f23940c749f6.json","E:\AntigravitiProgetti\CompendioTheWitcher\_tools\src-packs\EQUIPAGGIAMENTO\base\witcher-armor\Scudo_di_Cuoio_4d36f23940c749f6.json"
"?? PLACEHOLDER","Scudo Kaedweni","Scudo_Kaedweni_369b6baa241b4b57.json","E:\AntigravitiProgetti\CompendioTheWitcher\_tools\src-packs\EQUIPAGGIAMENTO\base\witcher-armor\Scudo_Kaedweni_369b6baa241b4b57.json"
"?? PLACEHOLDER","Scudo Temeriano","Scudo_Temeriano_970be8417e1c4200.json","E:\AntigravitiProgetti\CompendioTheWitcher\_tools\src-packs\EQUIPAGGIAMENTO\base\witcher-armor\Scudo_Temeriano_970be8417e1c4200.json"
"?? PLACEHOLDER","Scuola del Gatto (Acciaio)","Scuola_del_Gatto_(Acciaio)_005fa8be7e76d4c8.json","E:\AntigravitiProgetti\CompendioTheWitcher\_tools\src-packs\EQUIPAGGIAMENTO\base\witcher-weapons\Scuola_del_Gatto_(Acciaio)_005fa8be7e76d4c8.json"
"?? PLACEHOLDER","Scuola del Gatto (Argento)","Scuola_del_Gatto_(Argento)_00eb803e8f4e8a18.json","E:\AntigravitiProgetti\CompendioTheWitcher\_tools\src-packs\EQUIPAGGIAMENTO\base\witcher-weapons\Scuola_del_Gatto_(Argento)_00eb803e8f4e8a18.json"
"?? PLACEHOLDER","Scuola del Gatto (Balestra)","Scuola_del_Gatto_(Balestra)_0005a034f2852a18.json","E:\AntigravitiProgetti\CompendioTheWitcher\_tools\src-packs\EQUIPAGGIAMENTO\base\witcher-weapons\Scuola_del_Gatto_(Balestra)_0005a034f2852a18.json"
"?? PLACEHOLDER","Scuola del Grifone (Acciaio)","Scuola_del_Grifone_(Acciaio)_00c68a08768b3218.json","E:\AntigravitiProgetti\CompendioTheWitcher\_tools\src-packs\EQUIPAGGIAMENTO\base\witcher-weapons\Scuola_del_Grifone_(Acciaio)_00c68a08768b3218.json"
"?? PLACEHOLDER","Scuola del Grifone (Argento)","Scuola_del_Grifone_(Argento)_003b7935a5eab648.json","E:\AntigravitiProgetti\CompendioTheWitcher\_tools\src-packs\EQUIPAGGIAMENTO\base\witcher-weapons\Scuola_del_Grifone_(Argento)_003b7935a5eab648.json"
"?? PLACEHOLDER","Scuola del Grifone (Balestra)","Scuola_del_Grifone_(Balestra)_000cc0c22629165e.json","E:\AntigravitiProgetti\CompendioTheWitcher\_tools\src-packs\EQUIPAGGIAMENTO\base\witcher-weapons\Scuola_del_Grifone_(Balestra)_000cc0c22629165e.json"
"?? PLACEHOLDER","Scuola del Lupo (Acciaio)","Scuola_del_Lupo_(Acciaio)_000ee05377296736.json","E:\AntigravitiProgetti\CompendioTheWitcher\_tools\src-packs\EQUIPAGGIAMENTO\base\witcher-weapons\Scuola_del_Lupo_(Acciaio)_000ee05377296736.json"
"?? PLACEHOLDER","Scuola del Lupo (Argento)","Scuola_del_Lupo_(Argento)_0056fd9c47752d18.json","E:\AntigravitiProgetti\CompendioTheWitcher\_tools\src-packs\EQUIPAGGIAMENTO\base\witcher-weapons\Scuola_del_Lupo_(Argento)_0056fd9c47752d18.json"
"?? PLACEHOLDER","Scuola della Lumaca (Acciaio)","Scuola_della_Lumaca_(Acciaio)_0007f981d977aaec.json","E:\AntigravitiProgetti\CompendioTheWitcher\_tools\src-packs\EQUIPAGGIAMENTO\base\witcher-weapons\Scuola_della_Lumaca_(Acciaio)_0007f981d977aaec.json"
"?? PLACEHOLDER","Scuola della Lumaca (Argento)","Scuola_della_Lumaca_(Argento)_0004a8f80211769c.json","E:\AntigravitiProgetti\CompendioTheWitcher\_tools\src-packs\EQUIPAGGIAMENTO\base\witcher-weapons\Scuola_della_Lumaca_(Argento)_0004a8f80211769c.json"
"?? PLACEHOLDER","Scuola della Manticora (Acciaio)","Scuola_della_Manticora_(Acciaio)_00c8757ce11b1778.json","E:\AntigravitiProgetti\CompendioTheWitcher\_tools\src-packs\EQUIPAGGIAMENTO\base\witcher-weapons\Scuola_della_Manticora_(Acciaio)_00c8757ce11b1778.json"
"?? PLACEHOLDER","Scuola della Manticora (Argento)","Scuola_della_Manticora_(Argento)_00ccb4382fba9b98.json","E:\AntigravitiProgetti\CompendioTheWitcher\_tools\src-packs\EQUIPAGGIAMENTO\base\witcher-weapons\Scuola_della_Manticora_(Argento)_00ccb4382fba9b98.json"
"?? PLACEHOLDER","Scuola della Vipera (Acciaio)","Scuola_della_Vipera_(Acciaio)_007aaca1e51e3768.json","E:\AntigravitiProgetti\CompendioTheWitcher\_tools\src-packs\EQUIPAGGIAMENTO\base\witcher-weapons\Scuola_della_Vipera_(Acciaio)_007aaca1e51e3768.json"
"?? PLACEHOLDER","Scuola della Vipera (Argento)","Scuola_della_Vipera_(Argento)_0053aa0f430b0378.json","E:\AntigravitiProgetti\CompendioTheWitcher\_tools\src-packs\EQUIPAGGIAMENTO\base\witcher-weapons\Scuola_della_Vipera_(Argento)_0053aa0f430b0378.json"
"?? PLACEHOLDER","Scuola della Vipera (Zanna)","Scuola_della_Vipera_(Zanna)_00091b914a4c2757.json","E:\AntigravitiProgetti\CompendioTheWitcher\_tools\src-packs\EQUIPAGGIAMENTO\base\witcher-weapons\Scuola_della_Vipera_(Zanna)_00091b914a4c2757.json"
"?? PLACEHOLDER","Scuola dell'Orso (Acciaio)","Scuola_dellOrso_(Acciaio)_000d890e417f601d.json","E:\AntigravitiProgetti\CompendioTheWitcher\_tools\src-packs\EQUIPAGGIAMENTO\base\witcher-weapons\Scuola_dellOrso_(Acciaio)_000d890e417f601d.json"
"?? PLACEHOLDER","Scuola dell'Orso (Argento)","Scuola_dellOrso_(Argento)_003af6d3fb73c238.json","E:\AntigravitiProgetti\CompendioTheWitcher\_tools\src-packs\EQUIPAGGIAMENTO\base\witcher-weapons\Scuola_dellOrso_(Argento)_003af6d3fb73c238.json"
"?? PLACEHOLDER","Scuola dell'Orso (Balestra)","Scuola_dellOrso_(Balestra)_006d87c91fc31f98.json","E:\AntigravitiProgetti\CompendioTheWitcher\_tools\src-packs\EQUIPAGGIAMENTO\base\witcher-weapons\Scuola_dellOrso_(Balestra)_006d87c91fc31f98.json"
"?? PLACEHOLDER","Sella","Sella_ef5c5e5ae0defac6.json","E:\AntigravitiProgetti\CompendioTheWitcher\_tools\src-packs\EQUIPAGGIAMENTO\base\witcher-transports\Sella_ef5c5e5ae0defac6.json"
"?? PLACEHOLDER","Sella da Cavalleria","Sella_da_Cavalleria_e9c783549f6bb94b.json","E:\AntigravitiProgetti\CompendioTheWitcher\_tools\src-packs\EQUIPAGGIAMENTO\base\witcher-transports\Sella_da_Cavalleria_e9c783549f6bb94b.json"
"?? PLACEHOLDER","Sella da Corsa","Sella_da_Corsa_a3e78b9256db97b7.json","E:\AntigravitiProgetti\CompendioTheWitcher\_tools\src-packs\EQUIPAGGIAMENTO\base\witcher-transports\Sella_da_Corsa_a3e78b9256db97b7.json"
"?? PLACEHOLDER","Sentinella dell'Abisso","Sentinella_dell'Abisso_f1a2b3c4d5e6f7a8.json","E:\AntigravitiProgetti\CompendioTheWitcher\_tools\src-packs\EQUIPAGGIAMENTO\base\witcher-weapons\Sentinella_dell'Abisso_f1a2b3c4d5e6f7a8.json"
"?? PLACEHOLDER","Simbolo Sacro","Simbolo_Sacro_9122c168f86b758b.json","E:\AntigravitiProgetti\CompendioTheWitcher\_tools\src-packs\EQUIPAGGIAMENTO\base\witcher-equipment\Simbolo_Sacro_9122c168f86b758b.json"
"?? PLACEHOLDER","Siringa da Campo","Siringa_da_Campo_0003bd37bb9ce125.json","E:\AntigravitiProgetti\CompendioTheWitcher\_tools\src-packs\EQUIPAGGIAMENTO\base\witcher-weapons\Siringa_da_Campo_0003bd37bb9ce125.json"
"?? PLACEHOLDER","Spada da Cavalleria Vrihedd","Spada_da_Cavalleria_Vrihedd_008e2126fde3c528.json","E:\AntigravitiProgetti\CompendioTheWitcher\_tools\src-packs\EQUIPAGGIAMENTO\base\witcher-weapons\Spada_da_Cavalleria_Vrihedd_008e2126fde3c528.json"
"?? PLACEHOLDER","Spada d???Arme","Spada_dArme_8202b4553ca74b4d.json","E:\AntigravitiProgetti\CompendioTheWitcher\_tools\src-packs\EQUIPAGGIAMENTO\base\witcher-weapons\Spada_dArme_8202b4553ca74b4d.json"
"?? PLACEHOLDER","Spada d'acciaio da witcher","Spada_dacciaio_da_witcher_b8b690f688a77656.json","E:\AntigravitiProgetti\CompendioTheWitcher\_tools\src-packs\EQUIPAGGIAMENTO\base\witcher-special\Spada_dacciaio_da_witcher_b8b690f688a77656.json"
"?? PLACEHOLDER","Spada d'argento da witcher","Spada_dargento_da_witcher_98a5095142388ea4.json","E:\AntigravitiProgetti\CompendioTheWitcher\_tools\src-packs\EQUIPAGGIAMENTO\base\witcher-special\Spada_dargento_da_witcher_98a5095142388ea4.json"
"?? PLACEHOLDER","Spada di Ferro","Spada_di_Ferro_86a50ea90ac24ed7.json","E:\AntigravitiProgetti\CompendioTheWitcher\_tools\src-packs\EQUIPAGGIAMENTO\base\witcher-weapons\Spada_di_Ferro_86a50ea90ac24ed7.json"
"?? PLACEHOLDER","Spada Ducale","Spada_Ducale.json","E:\AntigravitiProgetti\CompendioTheWitcher\_tools\src-packs\EQUIPAGGIAMENTO\racconti\witcher-weapons-racconti\Spada_Ducale.json"
"?? PLACEHOLDER","Spada Lunare","Spada_Lunare_a2b3c4d5e6f7a8b9.json","E:\AntigravitiProgetti\CompendioTheWitcher\_tools\src-packs\EQUIPAGGIAMENTO\base\witcher-weapons\Spada_Lunare_a2b3c4d5e6f7a8b9.json"
"?? PLACEHOLDER","Spada Meteoritica","Spada_Meteoritica_000cc4258e8e7e53.json","E:\AntigravitiProgetti\CompendioTheWitcher\_tools\src-packs\EQUIPAGGIAMENTO\base\witcher-weapons\Spada_Meteoritica_000cc4258e8e7e53.json"
"?? PLACEHOLDER","Specchietto","Specchietto_79aef608f05c4909.json","E:\AntigravitiProgetti\CompendioTheWitcher\_tools\src-packs\EQUIPAGGIAMENTO\base\witcher-equipment\Specchietto_79aef608f05c4909.json"
"?? PLACEHOLDER","Specchio dei Desideri","specchio_dei_desideri_fce143f9ec3f31c9.json","E:\AntigravitiProgetti\CompendioTheWitcher\_tools\src-packs\EQUIPAGGIAMENTO\caos\witcher-magic-items\specchio_dei_desideri_fce143f9ec3f31c9.json"
"?? PLACEHOLDER","Specchio dei Desideri","Specchio_dei_Desideri_b31155f307489d73.json","E:\AntigravitiProgetti\CompendioTheWitcher\_tools\src-packs\EQUIPAGGIAMENTO\caos\witcher-special-chaos\Specchio_dei_Desideri_b31155f307489d73.json"
"?? PLACEHOLDER","Sperone d'Arpia","Sperone_dArpia_0004479d266f425a.json","E:\AntigravitiProgetti\CompendioTheWitcher\_tools\src-packs\EQUIPAGGIAMENTO\base\witcher-weapons\Sperone_dArpia_0004479d266f425a.json"
"?? PLACEHOLDER","Spezzalama","Spezzalama_000a6572b49a716c.json","E:\AntigravitiProgetti\CompendioTheWitcher\_tools\src-packs\EQUIPAGGIAMENTO\base\witcher-weapons\Spezzalama_000a6572b49a716c.json"
"?? PLACEHOLDER","Spina","Spina_b3c4d5e6f7a8b9c0.json","E:\AntigravitiProgetti\CompendioTheWitcher\_tools\src-packs\EQUIPAGGIAMENTO\base\witcher-weapons\Spina_b3c4d5e6f7a8b9c0.json"
"?? PLACEHOLDER","Stallaggio","Stallaggio_6d05e6eb55e24635.json","E:\AntigravitiProgetti\CompendioTheWitcher\_tools\src-packs\EQUIPAGGIAMENTO\base\witcher-equipment\Stallaggio_6d05e6eb55e24635.json"
"?? PLACEHOLDER","Stanza in Locanda d'Alta Classe","Stanza_in_Locanda_d'Alta_Classe_8206866faea6b020.json","E:\AntigravitiProgetti\CompendioTheWitcher\_tools\src-packs\EQUIPAGGIAMENTO\base\witcher-equipment\Stanza_in_Locanda_d'Alta_Classe_8206866faea6b020.json"
"?? PLACEHOLDER","Stanza in Locanda di Qualit??","Stanza_in_Locanda_di_Qualit?_82cb6f3fb5cdec93.json","E:\AntigravitiProgetti\CompendioTheWitcher\_tools\src-packs\EQUIPAGGIAMENTO\base\witcher-equipment\Stanza_in_Locanda_di_Qualit?_82cb6f3fb5cdec93.json"
"?? PLACEHOLDER","Stanza in Locanda Economica","Stanza_in_Locanda_Economica_f7a9f92884553cff.json","E:\AntigravitiProgetti\CompendioTheWitcher\_tools\src-packs\EQUIPAGGIAMENTO\base\witcher-equipment\Stanza_in_Locanda_Economica_f7a9f92884553cff.json"
"?? PLACEHOLDER","Stanza in Locanda Malfamata","Stanza_in_Locanda_Malfamata_12462827e82ae2a0.json","E:\AntigravitiProgetti\CompendioTheWitcher\_tools\src-packs\EQUIPAGGIAMENTO\base\witcher-equipment\Stanza_in_Locanda_Malfamata_12462827e82ae2a0.json"
"?? PLACEHOLDER","Stanza in Locanda Media","Stanza_in_Locanda_Media_b34c402f07113f1f.json","E:\AntigravitiProgetti\CompendioTheWitcher\_tools\src-packs\EQUIPAGGIAMENTO\base\witcher-equipment\Stanza_in_Locanda_Media_b34c402f07113f1f.json"
"?? PLACEHOLDER","Stiletto","Stiletto_09ccebf23dd44e97.json","E:\AntigravitiProgetti\CompendioTheWitcher\_tools\src-packs\EQUIPAGGIAMENTO\base\witcher-weapons\Stiletto_09ccebf23dd44e97.json"
"?? PLACEHOLDER","Strumenti Chirurgici","Strumenti_Chirurgici_a31b8d623c375e13.json","E:\AntigravitiProgetti\CompendioTheWitcher\_tools\src-packs\EQUIPAGGIAMENTO\base\witcher-equipment\Strumenti_Chirurgici_a31b8d623c375e13.json"
"?? PLACEHOLDER","Strumenti per le Belle Arti","Strumenti_per_le_Belle_Arti_89831d4c8036eac0.json","E:\AntigravitiProgetti\CompendioTheWitcher\_tools\src-packs\EQUIPAGGIAMENTO\base\witcher-equipment\Strumenti_per_le_Belle_Arti_89831d4c8036eac0.json"
"?? PLACEHOLDER","Strumento Musicale","Strumento_Musicale_f32ae72e4dc0c34a.json","E:\AntigravitiProgetti\CompendioTheWitcher\_tools\src-packs\EQUIPAGGIAMENTO\base\witcher-equipment\Strumento_Musicale_f32ae72e4dc0c34a.json"
"?? PLACEHOLDER","Superalcolici","Superalcolici_478dec7fc63947bd.json","E:\AntigravitiProgetti\CompendioTheWitcher\_tools\src-packs\EQUIPAGGIAMENTO\base\witcher-equipment\Superalcolici_478dec7fc63947bd.json"
"?? PLACEHOLDER","Tabacco","Tabacco_d17e49d02704585c.json","E:\AntigravitiProgetti\CompendioTheWitcher\_tools\src-packs\EQUIPAGGIAMENTO\base\witcher-equipment\Tabacco_d17e49d02704585c.json"
"?? PLACEHOLDER","Tasca Segreta","Tasca_Segreta_3a3fa476fef7faeb.json","E:\AntigravitiProgetti\CompendioTheWitcher\_tools\src-packs\EQUIPAGGIAMENTO\base\witcher-equipment\Tasca_Segreta_3a3fa476fef7faeb.json"
"?? PLACEHOLDER","Telecomunicatore","Telecomunicatore_5197766fa27664ae.json","E:\AntigravitiProgetti\CompendioTheWitcher\_tools\src-packs\EQUIPAGGIAMENTO\base\witcher-equipment\Telecomunicatore_5197766fa27664ae.json"
"?? PLACEHOLDER","Tenda","Tenda_14f28d56b364430a.json","E:\AntigravitiProgetti\CompendioTheWitcher\_tools\src-packs\EQUIPAGGIAMENTO\base\witcher-equipment\Tenda_14f28d56b364430a.json"
"?? PLACEHOLDER","Tenda Grande","Tenda_Grande_5d26771501f825a4.json","E:\AntigravitiProgetti\CompendioTheWitcher\_tools\src-packs\EQUIPAGGIAMENTO\base\witcher-equipment\Tenda_Grande_5d26771501f825a4.json"
"?? PLACEHOLDER","Teschio di Cristallo","teschio_di_cristallo_98cd7017a1252c93.json","E:\AntigravitiProgetti\CompendioTheWitcher\_tools\src-packs\EQUIPAGGIAMENTO\caos\witcher-magic-items\teschio_di_cristallo_98cd7017a1252c93.json"
"?? PLACEHOLDER","Teschio di Cristallo","Teschio_di_Cristallo_0aa5157d8eaf0106.json","E:\AntigravitiProgetti\CompendioTheWitcher\_tools\src-packs\EQUIPAGGIAMENTO\caos\witcher-special-chaos\Teschio_di_Cristallo_0aa5157d8eaf0106.json"
"?? PLACEHOLDER","Tirapugni","Tirapugni_1528b6ffdaf94ed0.json","E:\AntigravitiProgetti\CompendioTheWitcher\_tools\src-packs\EQUIPAGGIAMENTO\base\witcher-weapons\Tirapugni_1528b6ffdaf94ed0.json"
"?? PLACEHOLDER","Torcia","Torcia_0d967751899447df.json","E:\AntigravitiProgetti\CompendioTheWitcher\_tools\src-packs\EQUIPAGGIAMENTO\base\witcher-equipment\Torcia_0d967751899447df.json"
"?? PLACEHOLDER","Torcia","Torcia_00f2b6abdbf85b28.json","E:\AntigravitiProgetti\CompendioTheWitcher\_tools\src-packs\EQUIPAGGIAMENTO\base\witcher-weapons\Torcia_00f2b6abdbf85b28.json"
"?? PLACEHOLDER","Torrwr","Torrwr_15485ac3e23d4042.json","E:\AntigravitiProgetti\CompendioTheWitcher\_tools\src-packs\EQUIPAGGIAMENTO\base\witcher-weapons\Torrwr_15485ac3e23d4042.json"
"?? PLACEHOLDER","Traversata per Mare","Traversata_per_Mare_7492f6cc710a5fd0.json","E:\AntigravitiProgetti\CompendioTheWitcher\_tools\src-packs\EQUIPAGGIAMENTO\base\witcher-equipment\Traversata_per_Mare_7492f6cc710a5fd0.json"
"?? PLACEHOLDER","Tuono","Tuono_80ee7ddf323e4673.json","E:\AntigravitiProgetti\CompendioTheWitcher\_tools\src-packs\EQUIPAGGIAMENTO\base\witcher-special\Tuono_80ee7ddf323e4673.json"
"?? PLACEHOLDER","Utensili da Armaiolo","Utensili_da_Armaiolo_99a13b69ce308173.json","E:\AntigravitiProgetti\CompendioTheWitcher\_tools\src-packs\EQUIPAGGIAMENTO\base\witcher-equipment\Utensili_da_Armaiolo_99a13b69ce308173.json"
"?? PLACEHOLDER","Utensili da Cucina","Utensili_da_Cucina_f6fb2ac7dd7afac0.json","E:\AntigravitiProgetti\CompendioTheWitcher\_tools\src-packs\EQUIPAGGIAMENTO\base\witcher-equipment\Utensili_da_Cucina_f6fb2ac7dd7afac0.json"
"?? PLACEHOLDER","Utensili da Incisore Runico","utensili_da_incisore_runico_22de4e9c998b9f35.json","E:\AntigravitiProgetti\CompendioTheWitcher\_tools\src-packs\EQUIPAGGIAMENTO\caos\witcher-magic-items\utensili_da_incisore_runico_22de4e9c998b9f35.json"
"?? PLACEHOLDER","Utensili da Incisore Runico","Utensili_da_Incisore_Runico_1360a92e422cf1bf.json","E:\AntigravitiProgetti\CompendioTheWitcher\_tools\src-packs\EQUIPAGGIAMENTO\caos\witcher-special-chaos\Utensili_da_Incisore_Runico_1360a92e422cf1bf.json"
"?? PLACEHOLDER","Utensili da Mercante","Utensili_da_Mercante_aecd9fb25eaebbc9.json","E:\AntigravitiProgetti\CompendioTheWitcher\_tools\src-packs\EQUIPAGGIAMENTO\base\witcher-equipment\Utensili_da_Mercante_aecd9fb25eaebbc9.json"
"?? PLACEHOLDER","Veleno dell'Impiccato","Veleno_dellImpiccato_461854b6b771fa89.json","E:\AntigravitiProgetti\CompendioTheWitcher\_tools\src-packs\EQUIPAGGIAMENTO\base\witcher-special\Veleno_dellImpiccato_461854b6b771fa89.json"
"?? PLACEHOLDER","Vino","Vino_22be463f18e9472d.json","E:\AntigravitiProgetti\CompendioTheWitcher\_tools\src-packs\EQUIPAGGIAMENTO\base\witcher-equipment\Vino_22be463f18e9472d.json"
"?? PLACEHOLDER","Zefhar Elfico","Zefhar_Elfico_000ca47aa0ce7208.json","E:\AntigravitiProgetti\CompendioTheWitcher\_tools\src-packs\EQUIPAGGIAMENTO\base\witcher-weapons\Zefhar_Elfico_000ca47aa0ce7208.json"
