Voce,Stato,Percorso,Pack,Note
"Terre Antiche (Dol Blathanna, Mahakam)",PRESENTE_ALTROVE,ALCHIMIA_E_ARTIGIANATO\Componenti\witcher-components\acciaio_mahakaman_c4720acd29d300a3.json,witcher-components,Nome nel JSON: Acciaio Mahakaman
"Terre Antiche (Dol Blathanna, Mahakam)",PRESENTE_ALTROVE,ALCHIMIA_E_ARTIGIANATO\Componenti\witcher-components\dimeritium_mahakaman_575134abc37d2130.json,witcher-components,Nome nel JSON: Dimeritium Mahakaman
"Terre Antiche (Dol Blathanna, Mahakam)",PRESENTE_ALTROVE,ALCHIMIA_E_ARTIGIANATO\Schemi_di_Fabbricazione\witcher-schematics\acciaio_mahakaman_d5124bf952ad4a10.json,witcher-schematics,Nome nel JSON: Acciaio Mahakaman
"Terre Antiche (Dol Blathanna, Mahakam)",PRESENTE_ALTROVE,ALCHIMIA_E_ARTIGIANATO\Schemi_di_Fabbricazione\witcher-schematics\acciaio_mahakaman_d74fb67d4bac7594.json,witcher-schematics,Nome nel JSON: Acciaio Mahakaman
"Terre Antiche (Dol Blathanna, Mahakam)",PRESENTE_ALTROVE,ALCHIMIA_E_ARTIGIANATO\Schemi_di_Fabbricazione\witcher-schematics\Armatura_a_Piastre_Mahakaman_152461ebf437fd2b.json,witcher-schematics,Nome nel JSON: Armatura a Piastre Mahakaman
"Terre Antiche (Dol Blathanna, Mahakam)",PRESENTE_ALTROVE,ALCHIMIA_E_ARTIGIANATO\Schemi_di_Fabbricazione\witcher-schematics\Armatura_a_Piastre_Mahakaman_7be6600a7e5a44bb.json,witcher-schematics,Nome nel JSON: Armatura a Piastre Mahakaman
"Terre Antiche (Dol Blathanna, Mahakam)",PRESENTE_ALTROVE,ALCHIMIA_E_ARTIGIANATO\Schemi_di_Fabbricazione\witcher-schematics\dimeritium_mahakaman_108970c20612f098.json,witcher-schematics,Nome nel JSON: Dimeritium Mahakaman
"Terre Antiche (Dol Blathanna, Mahakam)",PRESENTE_ALTROVE,ALCHIMIA_E_ARTIGIANATO\Schemi_di_Fabbricazione\witcher-schematics\dimeritium_mahakaman_57eaf52ee4e148da.json,witcher-schematics,Nome nel JSON: Dimeritium Mahakaman
"Terre Antiche (Dol Blathanna, Mahakam)",PRESENTE_ALTROVE,ALCHIMIA_E_ARTIGIANATO\Schemi_di_Fabbricazione\witcher-schematics\martello_darmi_mahakaman_33260dead5b04411.json,witcher-schematics,Nome nel JSON: Martello d’Armi Mahakaman
"Terre Antiche (Dol Blathanna, Mahakam)",PRESENTE_ALTROVE,ALCHIMIA_E_ARTIGIANATO\Schemi_di_Fabbricazione\witcher-schematics\Martello_dArmi_Mahakaman_4892af47b1585b48.json,witcher-schematics,Nome nel JSON: Martello d'Armi Mahakaman
"Terre Antiche (Dol Blathanna, Mahakam)",PRESENTE_ALTROVE,ALCHIMIA_E_ARTIGIANATO\Schemi_di_Fabbricazione\witcher-schematics\Palvese_Mahakaman_aa0b1d0c1b304fa0.json,witcher-schematics,Nome nel JSON: Palvese Mahakaman
"Terre Antiche (Dol Blathanna, Mahakam)",PRESENTE_ALTROVE,ALCHIMIA_E_ARTIGIANATO\Schemi_di_Fabbricazione\witcher-schematics\Palvese_Mahakaman_cf6ea9ee4e6e5526.json,witcher-schematics,Nome nel JSON: Palvese Mahakaman
"Terre Antiche (Dol Blathanna, Mahakam)",PRESENTE_ALTROVE,BESTIARIO\witcher-characters\arkam_artigiani_di_mahakam_9242dc625f2d507f.json,witcher-characters,Nome nel JSON: Arkam (Artigiani di Mahakam)
"Terre Antiche (Dol Blathanna, Mahakam)",PRESENTE_ALTROVE,BESTIARIO\witcher-characters\rhundin_artigiani_di_mahakam_eadc1d939a63efc9.json,witcher-characters,Nome nel JSON: Rhundin (Artigiani di Mahakam)
"Terre Antiche (Dol Blathanna, Mahakam)",PRESENTE_ALTROVE,EQUIPAGGIAMENTO_E_TRASPORTI\Armi_e_Armature\witcher-weapons\Martello_dArmi_Mahakaman_009a793bfe2d9ab8.json,witcher-weapons,Nome nel JSON: Martello d'Armi Mahakaman
"Terre Antiche (Dol Blathanna, Mahakam)",PRESENTE_ALTROVE,REGOLAMENTO_E_NARRATIVA\Geografia\witcher-geografia\dol_blathanna_da1464036f79fd5d.json,witcher-geografia,Nome nel JSON: Dol Blathanna
"Terre Antiche (Dol Blathanna, Mahakam)",PRESENTE_ALTROVE,REGOLAMENTO_E_NARRATIVA\Geografia\witcher-geografia\mahakam_d48ff43e6c3a1d5b.json,witcher-geografia,Nome nel JSON: Mahakam
L'Estremo Nord,MANCANTE,,,Non trovato nel nome dei JSON
Ofier,MANCANTE,,,Non trovato nel nome dei JSON
Zerrikania,PRESENTE_ALTROVE,ALCHIMIA_E_ARTIGIANATO\Componenti\witcher-components\polvere_zerrikaniana_391483bd69fdc687.json,witcher-components,Nome nel JSON: Polvere Zerrikaniana
Zerrikania,PRESENTE_ALTROVE,ALCHIMIA_E_ARTIGIANATO\Formule_e_Ricette\witcher-alchemy\Formula_Fuoco_Zerrikaniano_ex_7.json,witcher-alchemy,Nome nel JSON: Formula: Fuoco Zerrikaniano
Zerrikania,PRESENTE_ALTROVE,ALCHIMIA_E_ARTIGIANATO\Formule_e_Ricette\witcher-alchemy\fuoco_zerrikaniano_a355cea891a566a2.json,witcher-alchemy,Nome nel JSON: Fuoco Zerrikaniano
Kreve,PRESENTE_LORE,REGOLAMENTO_E_NARRATIVA\Lore_e_Racconti\witcher-lore\chiesa_di_kreve_f2fa3cc3d3205d48.json,witcher-lore,Nome nel JSON: Chiesa di Kreve
Melitele,PRESENTE_LORE,REGOLAMENTO_E_NARRATIVA\Lore_e_Racconti\witcher-lore\melitele_ab82bd9a398f9a0f.json,witcher-lore,
Il Fuoco Eterno,MANCANTE,,,Non trovato nel nome dei JSON
Il Grande Sole,PRESENTE_LORE,REGOLAMENTO_E_NARRATIVA\Lore_e_Racconti\witcher-lore\il_grande_sole_3467a3614ac7ed89.json,witcher-lore,
Freya,PRESENTE_LORE,REGOLAMENTO_E_NARRATIVA\Lore_e_Racconti\witcher-lore\freya_c11b9b55943045df.json,witcher-lore,
"Scuole dei Witcher (Gatto, Grifone, Lupo, Orso, Vipera)",PRESENTE_LORE,REGOLAMENTO_E_NARRATIVA\Lore_e_Racconti\witcher-lore\scuola_della_vipera_aa004a9cff1c197d.json,witcher-lore,Nome nel JSON: Scuola della Vipera
"Scuole dei Witcher (Gatto, Grifone, Lupo, Orso, Vipera)",PRESENTE_LORE,REGOLAMENTO_E_NARRATIVA\Lore_e_Racconti\witcher-lore\scuola_dellorso_5581f590a4fd4caf.json,witcher-lore,Nome nel JSON: Scuola dell'Orso
"Scuole dei Witcher (Gatto, Grifone, Lupo, Orso, Vipera)",PRESENTE_LORE,REGOLAMENTO_E_NARRATIVA\Lore_e_Racconti\witcher-lore\scuola_del_gatto_e32a8fee21cdc838.json,witcher-lore,Nome nel JSON: Scuola del Gatto
"Scuole dei Witcher (Gatto, Grifone, Lupo, Orso, Vipera)",PRESENTE_LORE,REGOLAMENTO_E_NARRATIVA\Lore_e_Racconti\witcher-lore\scuola_del_grifone_68022f21c5e19796.json,witcher-lore,Nome nel JSON: Scuola del Grifone
"Scuole dei Witcher (Gatto, Grifone, Lupo, Orso, Vipera)",PRESENTE_LORE,REGOLAMENTO_E_NARRATIVA\Lore_e_Racconti\witcher-lore\scuola_del_lupo_514436e8bc41897a.json,witcher-lore,Nome nel JSON: Scuola del Lupo
Maghi (fazione/organizzazione),PRESENTE_ALTROVE,BESTIARIO\witcher-characters\maghi_6d616768696d6232.json,witcher-characters,Nome nel JSON: Maghi
Maghi (fazione/organizzazione),PRESENTE_LORE,REGOLAMENTO_E_NARRATIVA\Lore_e_Racconti\witcher-lore\confraternita_dei_maghi_9811007fd61ca8c2.json,witcher-lore,Nome nel JSON: Confraternita dei Maghi
Scoia'tael,PRESENTE_ALTROVE,ALCHIMIA_E_ARTIGIANATO\Schemi_di_Fabbricazione\witcher-schematics\Armatura_da_Scoiatael_12023ca27da34ff2.json,witcher-schematics,Nome nel JSON: Armatura da Scoia'tael
Scoia'tael,PRESENTE_LORE,REGOLAMENTO_E_NARRATIVA\Lore_e_Racconti\witcher-lore\scoiatael_42a06330dc87bebe.json,witcher-lore,
Havekar,MANCANTE,,,Non trovato nel nome dei JSON
Luna Crescente,MANCANTE,,,Non trovato nel nome dei JSON
Cacciatori di Maghi,MANCANTE,,,Non trovato nel nome dei JSON
Geralt di Rivia,PRESENTE_ALTROVE,BESTIARIO\witcher-characters\Geralt_di_Rivia_6e70635f67657261.json,witcher-characters,
Yennefer di Vengerberg,PRESENTE_ALTROVE,BESTIARIO\witcher-characters\Yennefer_di_Vengerberg_79656e6e65666572.json,witcher-characters,
Dandelion,PRESENTE_ALTROVE,BESTIARIO\witcher-characters\dandelion_flagello_di_draghi_18bcbf48f76275fc.json,witcher-characters,Nome nel JSON: Dandelion (Flagello di Draghi)
Dandelion,PRESENTE_ALTROVE,BESTIARIO\witcher-characters\ranuncolo_dandelion_72616e756e636f6c.json,witcher-characters,Nome nel JSON: Ranuncolo (Dandelion)
Zoltan Chivay,PRESENTE_ALTROVE,BESTIARIO\witcher-characters\zoltan_chivay_7a6f6c74616e6368.json,witcher-characters,
Triss Merigold,PRESENTE_ALTROVE,BESTIARIO\witcher-characters\triss_merigold_7472697373616d65.json,witcher-characters,
Vernon Roche,PRESENTE_ALTROVE,BESTIARIO\witcher-characters\vernon_roche_7665726e6f6e726f.json,witcher-characters,
Iorveth,PRESENTE_ALTROVE,BESTIARIO\witcher-characters\iorveth_696f72766574685f.json,witcher-characters,
Letho di Guleta,MANCANTE,,,Non trovato nel nome dei JSON
Background e Vita da Witcher,MANCANTE,,,Non trovato nel nome dei JSON
"Reliquie / Oggetti Leggendari (Arco Lunare, Armatura di Corvo)",PRESENTE_ALTROVE,EQUIPAGGIAMENTO_E_TRASPORTI\Armi_e_Armature\witcher-armor\armatura_di_corvo_fa441f33e3d31e66.json,witcher-armor,Nome nel JSON: Armatura di Corvo
"Reliquie / Oggetti Leggendari (Arco Lunare, Armatura di Corvo)",PRESENTE_ALTROVE,EQUIPAGGIAMENTO_E_TRASPORTI\Armi_e_Armature\witcher-weapons\Arco_Lunare_7a8b9c0d1e2f3a4b.json,witcher-weapons,Nome nel JSON: Arco Lunare
Vita Scolastica Maghi,MANCANTE,,,Non trovato nel nome dei JSON
Vita da Mago,MANCANTE,,,Non trovato nel nome dei JSON
Storia dei Druidi,MANCANTE,,,Non trovato nel nome dei JSON
Spiriti Senza Pace,PRESENTE_ALTROVE,MAGIA_E_MALEDIZIONI\Necromanzia\witcher-necromanzia\regola_necromanzia_spiriti_senza_pace_esperto_6ac4ebcbb859b11c.json,witcher-necromanzia,Nome nel JSON: Regola Necromanzia: Spiriti Senza Pace (Esperto)
Spiriti Senza Pace,PRESENTE_ALTROVE,MAGIA_E_MALEDIZIONI\Necromanzia\witcher-necromanzia\regola_necromanzia_spiriti_senza_pace_maestro_80f7bacc09ceb15f.json,witcher-necromanzia,Nome nel JSON: Regola Necromanzia: Spiriti Senza Pace (Maestro)
Spiriti Senza Pace,PRESENTE_ALTROVE,MAGIA_E_MALEDIZIONI\Necromanzia\witcher-necromanzia\regola_necromanzia_spiriti_senza_pace_novizio_c537d694fffcbede.json,witcher-necromanzia,Nome nel JSON: Regola Necromanzia: Spiriti Senza Pace (Novizio)
Demoni Maggiori e Veri Nomi,MANCANTE,,,Non trovato nel nome dei JSON
Artorius Vigo,PRESENTE_ALTROVE,BESTIARIO\witcher-characters\Artorius_Vigo_6172746f72697573.json,witcher-characters,
Bronwyn Occhiofino,PRESENTE_ALTROVE,BESTIARIO\witcher-characters\Bronwyn_Occhiofino_62726f6e77796e6f.json,witcher-characters,
Cadfan di Ebbing,PRESENTE_ALTROVE,BESTIARIO\witcher-characters\cadfan_di_ebbing_63616466616e6562.json,witcher-characters,
Dormyn di Gemmera,PRESENTE_ALTROVE,BESTIARIO\witcher-characters\dormyn_di_gemmera_646f726d796e6765.json,witcher-characters,
Dorregaray di Vole,PRESENTE_ALTROVE,BESTIARIO\witcher-characters\dorregaray_di_vole_646f727265676172.json,witcher-characters,
Drystan di Nazair,PRESENTE_ALTROVE,BESTIARIO\witcher-characters\drystan_di_nazair_6472797374616e6e.json,witcher-characters,
Elgan di Verden,PRESENTE_ALTROVE,BESTIARIO\witcher-characters\elgan_di_verden_656c67616e766572.json,witcher-characters,
Francesca Findabair,PRESENTE_ALTROVE,BESTIARIO\witcher-characters\francesca_findabair_6672616e63657363.json,witcher-characters,
Fringilla Vigo,PRESENTE_ALTROVE,BESTIARIO\witcher-characters\fringilla_vigo_6672696e67696c6c.json,witcher-characters,
Istredd,PRESENTE_ALTROVE,BESTIARIO\witcher-characters\istredd_697374726564645f.json,witcher-characters,
Keira Metz,PRESENTE_ALTROVE,BESTIARIO\witcher-characters\keira_metz_6b656972616d6574.json,witcher-characters,
Margarita Laux-Antille,PRESENTE_ALTROVE,BESTIARIO\witcher-characters\margarita_laux_antille_6d61726761726974.json,witcher-characters,
Philippa Eilhart,PRESENTE_ALTROVE,BESTIARIO\witcher-characters\philippa_eilhart_7068696c69707061.json,witcher-characters,
Sile de Tancarville,PRESENTE_ALTROVE,BESTIARIO\witcher-characters\sile_de_tancarville_616466616e656263.json,witcher-characters,
Stregobor di Kovir,PRESENTE_ALTROVE,BESTIARIO\witcher-characters\stregobor_di_kovir_73747265676f626f.json,witcher-characters,
Xarthisius,PRESENTE_ALTROVE,BESTIARIO\witcher-characters\xarthisius_7861727468697369.json,witcher-characters,
Amalgama di Corpi,PRESENTE_ALTROVE,BESTIARIO\witcher-monsters\AMALGAMA_DI_CORPI_5b3a0eaa108c4e31.json,witcher-monsters,
Armatura Vivente,PRESENTE_ALTROVE,BESTIARIO\witcher-monsters\ARMATURA_VIVENTE_7989cf0e75c84ac4.json,witcher-monsters,
Bes,PRESENTE_ALTROVE,ALCHIMIA_E_ARTIGIANATO\Componenti\witcher-components\corno_di_bes_73b3c6bf627ad6a7.json,witcher-components,Nome nel JSON: Corno di Bes
Bes,PRESENTE_ALTROVE,ALCHIMIA_E_ARTIGIANATO\Componenti\witcher-components\Ossa_di_Bestia_153eebc437e17f8e.json,witcher-components,Nome nel JSON: Ossa di Bestia
Bes,PRESENTE_ALTROVE,ALCHIMIA_E_ARTIGIANATO\Formule_e_Ricette\witcher-alchemy\Formula_Olio_Anti-Bestie_wo_.json,witcher-alchemy,Nome nel JSON: Formula: Olio Anti-Bestie
Bes,PRESENTE_ALTROVE,ALCHIMIA_E_ARTIGIANATO\Schemi_di_Fabbricazione\witcher-schematics\Gambesone_4285f14ebabe4267.json,witcher-schematics,Nome nel JSON: Gambesone
Bes,PRESENTE_ALTROVE,ALCHIMIA_E_ARTIGIANATO\Schemi_di_Fabbricazione\witcher-schematics\Gambesone_46fb4b4342b35e99.json,witcher-schematics,Nome nel JSON: Gambesone
Bes,PRESENTE_ALTROVE,ALCHIMIA_E_ARTIGIANATO\Schemi_di_Fabbricazione\witcher-schematics\Gambesone_Aedirniano_36c52cca45ff4196.json,witcher-schematics,Nome nel JSON: Gambesone Aedirniano
Bes,PRESENTE_ALTROVE,ALCHIMIA_E_ARTIGIANATO\Schemi_di_Fabbricazione\witcher-schematics\Gambesone_Aedirniano_e42f9a8308fc1a06.json,witcher-schematics,Nome nel JSON: Gambesone Aedirniano
Bes,PRESENTE_ALTROVE,ALCHIMIA_E_ARTIGIANATO\Schemi_di_Fabbricazione\witcher-schematics\Gambesone_a_Doppia_Trama_4a20469cefed01ce.json,witcher-schematics,Nome nel JSON: Gambesone a Doppia Trama
Bes,PRESENTE_ALTROVE,ALCHIMIA_E_ARTIGIANATO\Schemi_di_Fabbricazione\witcher-schematics\Gambesone_a_Doppia_Trama_acc6ed867df2477c.json,witcher-schematics,Nome nel JSON: Gambesone a Doppia Trama
Bes,PRESENTE_ALTROVE,BESTIARIO\witcher-monsters\bestia_del_lago_tankred_8e1eab2491949360.json,witcher-monsters,Nome nel JSON: Bestia del Lago Tankred
Bes,PRESENTE_ALTROVE,BESTIARIO\witcher-monsters\BES_7e2ac369b1344d85.json,witcher-monsters,
Bes,PRESENTE_ALTROVE,EQUIPAGGIAMENTO_E_TRASPORTI\Armi_e_Armature\witcher-armor\Gambesone_15857f6ead814bc8.json,witcher-armor,Nome nel JSON: Gambesone
Bes,PRESENTE_ALTROVE,EQUIPAGGIAMENTO_E_TRASPORTI\Armi_e_Armature\witcher-armor\Gambesone_Aedirniano_35fa0326be7e4799.json,witcher-armor,Nome nel JSON: Gambesone Aedirniano
Bes,PRESENTE_ALTROVE,EQUIPAGGIAMENTO_E_TRASPORTI\Armi_e_Armature\witcher-armor\Gambesone_a_Doppia_Trama_0ab9221d175b467a.json,witcher-armor,Nome nel JSON: Gambesone a Doppia Trama
Bes,PRESENTE_ALTROVE,EQUIPAGGIAMENTO_E_TRASPORTI\Attrezzatura_e_Oggetti\witcher-special\anti_bestie_be0449da77ab5136.json,witcher-special,Nome nel JSON: Anti-Bestie
Bes,PRESENTE_ALTROVE,MAGIA_E_MALEDIZIONI\Maledizioni_e_Fatture\witcher-hexes-base\La_Fattura_della_Bestia_179fcc56053e458e.json,witcher-hexes-base,Nome nel JSON: La Fattura della Bestia
Bes,PRESENTE_ALTROVE,REGOLAMENTO_E_NARRATIVA\Professioni_e_Abilita\witcher-skills\bestiario_fb419ebc522bdec9.json,witcher-skills,Nome nel JSON: Bestiario
Bes,PRESENTE_ALTROVE,REGOLAMENTO_E_NARRATIVA\Professioni_e_Abilita\witcher-skills\forma_bestiale_b0c1d2e3f4a5b6c7.json,witcher-skills,Nome nel JSON: Forma Bestiale
Bes,PRESENTE_ALTROVE,REGOLAMENTO_E_NARRATIVA\Professioni_e_Abilita\witcher-skills\guaritore_di_bestie_d0e1f2a3b4c5d6e7.json,witcher-skills,Nome nel JSON: Guaritore di Bestie
Casglydd,PRESENTE_ALTROVE,BESTIARIO\witcher-monsters\CASGLYDD_74369e6bcb144839.json,witcher-monsters,
Grande Orso,PRESENTE_ALTROVE,BESTIARIO\witcher-animals\GRANDE_ORSO_428856c3bd17449e.json,witcher-animals,
Mari Lwyd,PRESENTE_ALTROVE,ALCHIMIA_E_ARTIGIANATO\Componenti\witcher-components\teschio_di_mari_lwyd_9e4a66d47a330a97.json,witcher-components,Nome nel JSON: Teschio di Mari Lwyd
Mari Lwyd,PRESENTE_ALTROVE,BESTIARIO\witcher-monsters\MARI_LWYD_817df366a12d4597.json,witcher-monsters,
Penitente,PRESENTE_ALTROVE,ALCHIMIA_E_ARTIGIANATO\Componenti\witcher-components\mutageno_penitente_blu_255a1d339d1cb6b1.json,witcher-components,Nome nel JSON: Mutageno Penitente (Blu)
Penitente,PRESENTE_ALTROVE,ALCHIMIA_E_ARTIGIANATO\Mutageni\witcher-mutations\mutageno_del_penitente_03d0bc7218ed9345.json,witcher-mutations,Nome nel JSON: Mutageno del Penitente
Penitente,PRESENTE_ALTROVE,BESTIARIO\witcher-monsters\PENITENTE_a34ed9b7ba1f433d.json,witcher-monsters,
L'Epoca d'Oro dei Witcher,MANCANTE,,,Non trovato nel nome dei JSON
Bullvore,PRESENTE_ALTROVE,ALCHIMIA_E_ARTIGIANATO\Componenti\witcher-components-mutageni-dw\mutageno_bullvore_verde_588c2858ac1fddac.json,witcher-components-mutageni-dw,Nome nel JSON: Mutageno: Bullvore (Verde)
Bullvore,PRESENTE_ALTROVE,BESTIARIO\witcher-monsters\Bullvore_a26b1940ed7c3f85.json,witcher-monsters,
Bullvore,PRESENTE_ALTROVE,REGOLAMENTO_E_NARRATIVA\Trofei\witcher-trophies\Trofeo_Bullvore_2080fd6df9870025.json,witcher-trophies,Nome nel JSON: Trofeo: Bullvore
Bullvore,PRESENTE_ALTROVE,REGOLAMENTO_E_NARRATIVA\Trofei\witcher-trophies\Trofeo_Bullvore_cc91de6008bf43ad.json,witcher-trophies,Nome nel JSON: Trofeo: Bullvore
Demone Putrefatto,PRESENTE_ALTROVE,BESTIARIO\witcher-monsters\Demone_Putrefatto_0e418579b3fa26dc.json,witcher-monsters,
Foglet,PRESENTE_ALTROVE,ALCHIMIA_E_ARTIGIANATO\Componenti\witcher-components-mutageni-dw\mutageno_foglet_blu_a0fbf1659fd9c609.json,witcher-components-mutageni-dw,Nome nel JSON: Mutageno: Foglet (Blu)
Foglet,PRESENTE_ALTROVE,BESTIARIO\witcher-monsters\Foglet_02deb874c639fa51.json,witcher-monsters,
Foglet,PRESENTE_ALTROVE,REGOLAMENTO_E_NARRATIVA\Trofei\witcher-trophies\Trofeo_Foglet_9df8a6c2565045cd.json,witcher-trophies,Nome nel JSON: Trofeo: Foglet
Foglet,PRESENTE_ALTROVE,REGOLAMENTO_E_NARRATIVA\Trofei\witcher-trophies\Trofeo_Foglet_b8114946f47e7364.json,witcher-trophies,Nome nel JSON: Trofeo: Foglet
Barghest,PRESENTE_ALTROVE,BESTIARIO\witcher-monsters\Barghest_1873eda52b0c64f9.json,witcher-monsters,
Hym,PRESENTE_ALTROVE,BESTIARIO\witcher-monsters\Hym_e5df03bc61479a82.json,witcher-monsters,
Hym,PRESENTE_ALTROVE,REGOLAMENTO_E_NARRATIVA\Trofei\witcher-trophies\Trofeo_Hym_8eac402a2ab5a31e.json,witcher-trophies,Nome nel JSON: Trofeo: Hym
Hym,PRESENTE_ALTROVE,REGOLAMENTO_E_NARRATIVA\Trofei\witcher-trophies\Trofeo_Hym_b6f1c7f754524480.json,witcher-trophies,Nome nel JSON: Trofeo: Hym
Pesta,PRESENTE_ALTROVE,ALCHIMIA_E_ARTIGIANATO\Componenti\witcher-components-mutageni-dw\mutageno_pesta_blu_92245d7fc0f0a520.json,witcher-components-mutageni-dw,Nome nel JSON: Mutageno: Pesta (Blu)
Pesta,PRESENTE_ALTROVE,ALCHIMIA_E_ARTIGIANATO\Formule_e_Ricette\witcher-alchemy\Tempesta_0ddba784e460e45c.json,witcher-alchemy,Nome nel JSON: Tempesta
Pesta,PRESENTE_ALTROVE,BESTIARIO\witcher-monsters\Pesta_463e78129a5b0dcf.json,witcher-monsters,
Pesta,PRESENTE_ALTROVE,MAGIA_E_MALEDIZIONI\Incantesimi_e_Rituali\witcher-spells\Tempesta_di_Fulmini_90697777a5c649bd.json,witcher-spells,Nome nel JSON: Tempesta di Fulmini
Pesta,PRESENTE_ALTROVE,MAGIA_E_MALEDIZIONI\Incantesimi_e_Rituali\witcher-spells\Tempesta_Statica_2b695655fadb4810.json,witcher-spells,Nome nel JSON: Tempesta Statica
Pesta,PRESENTE_ALTROVE,MAGIA_E_MALEDIZIONI\Incantesimi_e_Rituali\witcher-spells-chaos\Mano_della_Tempesta_7658c63c20704bf9.json,witcher-spells-chaos,Nome nel JSON: Mano della Tempesta
Pesta,PRESENTE_ALTROVE,MAGIA_E_MALEDIZIONI\Maledizioni_e_Fatture\witcher-hexes-base\Il_Bacio_della_Pesta_d911837f923f484a.json,witcher-hexes-base,Nome nel JSON: Il Bacio della Pesta
Pesta,PRESENTE_ALTROVE,MAGIA_E_MALEDIZIONI\Necromanzia\witcher-necromanzia\incantesimo_necromante_tempesta_di_anime_ac6ba05edc002cb9.json,witcher-necromanzia,Nome nel JSON: Incantesimo Necromante: Tempesta di Anime
Pesta,PRESENTE_ALTROVE,REGOLAMENTO_E_NARRATIVA\Trofei\witcher-trophies\Trofeo_Pesta_6e71f47e4eaeb3cc.json,witcher-trophies,Nome nel JSON: Trofeo: Pesta
Pesta,PRESENTE_ALTROVE,REGOLAMENTO_E_NARRATIVA\Trofei\witcher-trophies\Trofeo_Pesta_c92f2cb5cc4040f4.json,witcher-trophies,Nome nel JSON: Trofeo: Pesta
Cinghiale (bestia),PRESENTE_ALTROVE,BESTIARIO\witcher-animals\Cinghiale_9163caeb805d4f72.json,witcher-animals,Nome nel JSON: Cinghiale
Orso (bestia),PRESENTE_ALTROVE,ALCHIMIA_E_ARTIGIANATO\Componenti\witcher-components\grasso_dorso_92e00306fb135017.json,witcher-components,Nome nel JSON: Grasso d'Orso
Orso (bestia),PRESENTE_ALTROVE,ALCHIMIA_E_ARTIGIANATO\Componenti\witcher-components\mutageno_dorso_verde_5c551170e0f9898d.json,witcher-components,Nome nel JSON: Mutageno d'Orso (Verde)
Orso (bestia),PRESENTE_ALTROVE,ALCHIMIA_E_ARTIGIANATO\Componenti\witcher-components\pelle_dorso_5bd59e64aff7a81e.json,witcher-components,Nome nel JSON: Pelle d'Orso
Orso (bestia),PRESENTE_ALTROVE,ALCHIMIA_E_ARTIGIANATO\Componenti\witcher-components-mutageni-dw\mutageno_orso_verde_28de3488d21c948c.json,witcher-components-mutageni-dw,Nome nel JSON: Mutageno: Orso (Verde)
Orso (bestia),PRESENTE_ALTROVE,ALCHIMIA_E_ARTIGIANATO\Mutageni\witcher-mutations\mutageno_dellorso_48efaefec164e4d0.json,witcher-mutations,Nome nel JSON: Mutageno dell'Orso
Orso (bestia),PRESENTE_ALTROVE,ALCHIMIA_E_ARTIGIANATO\Schemi_di_Fabbricazione\witcher-dlc-sw-schematics\schema_armatura_del_orso_4faf34eb649331cd.json,witcher-dlc-sw-schematics,Nome nel JSON: Schema Armatura del Orso
Orso (bestia),PRESENTE_ALTROVE,ALCHIMIA_E_ARTIGIANATO\Schemi_di_Fabbricazione\witcher-dlc-sw-schematics\schema_balestra_del_orso_9407a5179b6438cb.json,witcher-dlc-sw-schematics,Nome nel JSON: Schema Balestra del Orso
Orso (bestia),PRESENTE_ALTROVE,ALCHIMIA_E_ARTIGIANATO\Schemi_di_Fabbricazione\witcher-dlc-sw-schematics\schema_spada_dacciaio_del_orso_09658d766401261d.json,witcher-dlc-sw-schematics,Nome nel JSON: Schema Spada d'Acciaio del Orso
Orso (bestia),PRESENTE_ALTROVE,ALCHIMIA_E_ARTIGIANATO\Schemi_di_Fabbricazione\witcher-dlc-sw-schematics\schema_spada_dargento_del_orso_1e19004d01539483.json,witcher-dlc-sw-schematics,Nome nel JSON: Schema Spada d'Argento del Orso
Orso (bestia),PRESENTE_ALTROVE,BESTIARIO\witcher-animals\GRANDE_ORSO_428856c3bd17449e.json,witcher-animals,Nome nel JSON: Grande Orso
Orso (bestia),PRESENTE_ALTROVE,BESTIARIO\witcher-animals\Orso_5f2c01967d4a8be3.json,witcher-animals,Nome nel JSON: Orso
Orso (bestia),PRESENTE_ALTROVE,EQUIPAGGIAMENTO_E_TRASPORTI\Armi_e_Armature\witcher-armor\armatura_dellorso_92115d85b40fbb64.json,witcher-armor,Nome nel JSON: Armatura dell’Orso
Orso (bestia),PRESENTE_ALTROVE,EQUIPAGGIAMENTO_E_TRASPORTI\Armi_e_Armature\witcher-dlc-sw-equipment\armatura_del_orso_7817efe6ffb84fbe.json,witcher-dlc-sw-equipment,Nome nel JSON: Armatura del Orso
Orso (bestia),PRESENTE_ALTROVE,EQUIPAGGIAMENTO_E_TRASPORTI\Armi_e_Armature\witcher-dlc-sw-equipment\balestra_del_orso_e2c45d03f675ac5c.json,witcher-dlc-sw-equipment,Nome nel JSON: Balestra del Orso
Orso (bestia),PRESENTE_ALTROVE,EQUIPAGGIAMENTO_E_TRASPORTI\Armi_e_Armature\witcher-dlc-sw-equipment\spada_dacciaio_del_orso_c76043256396f90e.json,witcher-dlc-sw-equipment,Nome nel JSON: Spada d'Acciaio del Orso
Orso (bestia),PRESENTE_ALTROVE,EQUIPAGGIAMENTO_E_TRASPORTI\Armi_e_Armature\witcher-dlc-sw-equipment\spada_dargento_del_orso_1468fd49a992bbdd.json,witcher-dlc-sw-equipment,Nome nel JSON: Spada d'Argento del Orso
Orso (bestia),PRESENTE_ALTROVE,EQUIPAGGIAMENTO_E_TRASPORTI\Armi_e_Armature\witcher-weapons\balestra_dellorso_006d87c91fc31f98.json,witcher-weapons,Nome nel JSON: Balestra dell’Orso
Orso (bestia),PRESENTE_ALTROVE,EQUIPAGGIAMENTO_E_TRASPORTI\Armi_e_Armature\witcher-weapons\spada_dacciaio_dellorso_000d890e417f601d.json,witcher-weapons,Nome nel JSON: Spada d’Acciaio dell’Orso
Orso (bestia),PRESENTE_ALTROVE,EQUIPAGGIAMENTO_E_TRASPORTI\Armi_e_Armature\witcher-weapons\spada_dargento_dellorso_003af6d3fb73c238.json,witcher-weapons,Nome nel JSON: Spada d’Argento dell’Orso
Orso (bestia),PRESENTE_LORE,REGOLAMENTO_E_NARRATIVA\Lore_e_Racconti\witcher-lore\scuola_dellorso_5581f590a4fd4caf.json,witcher-lore,Nome nel JSON: Scuola dell'Orso
Orso (bestia),PRESENTE_ALTROVE,REGOLAMENTO_E_NARRATIVA\Professioni_e_Abilita\witcher-skills\pronto_soccorso_120ca2cb658c1f01.json,witcher-skills,Nome nel JSON: Pronto Soccorso
Orso (bestia),PRESENTE_ALTROVE,REGOLAMENTO_E_NARRATIVA\Trofei\witcher-trophies\Trofeo_Orso_178cc6d9b9e8db20.json,witcher-trophies,Nome nel JSON: Trofeo: Orso
Orso (bestia),PRESENTE_ALTROVE,REGOLAMENTO_E_NARRATIVA\Trofei\witcher-trophies\Trofeo_Orso_9665b84d88a34a5d.json,witcher-trophies,Nome nel JSON: Trofeo: Orso
Pantera,PRESENTE_ALTROVE,BESTIARIO\witcher-animals\pantera_70616e746572616c.json,witcher-animals,
Pantera,PRESENTE_ALTROVE,REGOLAMENTO_E_NARRATIVA\Trofei\witcher-trophies\Trofeo_Pantera_32ab59706dee4ee7.json,witcher-trophies,Nome nel JSON: Trofeo: Pantera
Pantera,PRESENTE_ALTROVE,REGOLAMENTO_E_NARRATIVA\Trofei\witcher-trophies\Trofeo_Pantera_61ddc70544334ce4.json,witcher-trophies,Nome nel JSON: Trofeo: Pantera
Archeospora,PRESENTE_ALTROVE,ALCHIMIA_E_ARTIGIANATO\Componenti\witcher-components-diario\succo_di_archeospora_a2f7c0b8e9d14635.json,witcher-components-diario,Nome nel JSON: Succo di Archeospora
Archeospora,PRESENTE_ALTROVE,ALCHIMIA_E_ARTIGIANATO\Componenti\witcher-components-diario\viticci_di_archeospora_91e3d2a0b4c8f576.json,witcher-components-diario,Nome nel JSON: Viticci di Archeospora
Archeospora,PRESENTE_ALTROVE,BESTIARIO\witcher-monsters\Archeospora_b3f7102e8a56c9d4.json,witcher-monsters,
Botchling,PRESENTE_ALTROVE,ALCHIMIA_E_ARTIGIANATO\Componenti\witcher-components-diario\cervello_di_botchling_8a7b6c5d4e3f2019.json,witcher-components-diario,Nome nel JSON: Cervello di Botchling
Botchling,PRESENTE_ALTROVE,ALCHIMIA_E_ARTIGIANATO\Componenti\witcher-components-diario\orecchio_di_botchling_7ed94f0b2a3c81e6.json,witcher-components-diario,Nome nel JSON: Orecchio di Botchling
Botchling,PRESENTE_ALTROVE,ALCHIMIA_E_ARTIGIANATO\Componenti\witcher-components-diario\sangue_di_botchling_6f5e4d3c2b1a0987.json,witcher-components-diario,Nome nel JSON: Sangue di Botchling
Botchling,PRESENTE_ALTROVE,ALCHIMIA_E_ARTIGIANATO\Componenti\witcher-components-mutageni-dw\mutageno_botchling_rosso_e230564509220a42.json,witcher-components-mutageni-dw,Nome nel JSON: Mutageno: Botchling (Rosso)
Botchling,PRESENTE_ALTROVE,BESTIARIO\witcher-monsters\Botchling_e718b2094dc653fa.json,witcher-monsters,
Botchling,PRESENTE_ALTROVE,REGOLAMENTO_E_NARRATIVA\Trofei\witcher-trophies\Trofeo_Botchling_3273d45e1f3e09b0.json,witcher-trophies,Nome nel JSON: Trofeo: Botchling
Botchling,PRESENTE_ALTROVE,REGOLAMENTO_E_NARRATIVA\Trofei\witcher-trophies\Trofeo_Botchling_37c9da2357e14fbc.json,witcher-trophies,Nome nel JSON: Trofeo: Botchling
Vendigo,PRESENTE_ALTROVE,ALCHIMIA_E_ARTIGIANATO\Componenti\witcher-components-diario\cuore_di_vendigo_5d4c3b2a10987654.json,witcher-components-diario,Nome nel JSON: Cuore di Vendigo
Vendigo,PRESENTE_ALTROVE,ALCHIMIA_E_ARTIGIANATO\Componenti\witcher-components-diario\pelliccia_di_vendigo_4e3d2c1b0a987654.json,witcher-components-diario,Nome nel JSON: Pelliccia di Vendigo
Vendigo,PRESENTE_ALTROVE,ALCHIMIA_E_ARTIGIANATO\Componenti\witcher-components-mutageni-dw\mutageno_vendigo_rosso_6f72ca59689aa5ea.json,witcher-components-mutageni-dw,Nome nel JSON: Mutageno: Vendigo (Rosso)
Vendigo,PRESENTE_ALTROVE,BESTIARIO\witcher-monsters\Vendigo_e4a39bc56f780d12.json,witcher-monsters,
Vendigo,PRESENTE_ALTROVE,REGOLAMENTO_E_NARRATIVA\Trofei\witcher-trophies\Trofeo_Vendigo_25aec04c9d2795a3.json,witcher-trophies,Nome nel JSON: Trofeo: Vendigo
Vendigo,PRESENTE_ALTROVE,REGOLAMENTO_E_NARRATIVA\Trofei\witcher-trophies\Trofeo_Vendigo_ccd295f49aa74426.json,witcher-trophies,Nome nel JSON: Trofeo: Vendigo
Arpia,PRESENTE_ALTROVE,BESTIARIO\witcher-monsters\Arpia_1e728fda490563cb.json,witcher-monsters,
Arpia,PRESENTE_ALTROVE,EQUIPAGGIAMENTO_E_TRASPORTI\Armi_e_Armature\witcher-weapons\sperone_darpia_0004479d266f425a.json,witcher-weapons,Nome nel JSON: Sperone d'Arpia
Manticora,PRESENTE_ALTROVE,ALCHIMIA_E_ARTIGIANATO\Componenti\witcher-components-diario\corna_di_manticora_1f0e9d8c7b6a5432.json,witcher-components-diario,Nome nel JSON: Corna di Manticora
Manticora,PRESENTE_ALTROVE,ALCHIMIA_E_ARTIGIANATO\Componenti\witcher-components-mutageni-dw\mutageno_manticora_rosso_de7ea8b98070b16b.json,witcher-components-mutageni-dw,Nome nel JSON: Mutageno: Manticora (Rosso)
Manticora,PRESENTE_ALTROVE,ALCHIMIA_E_ARTIGIANATO\Schemi_di_Fabbricazione\witcher-dlc-sw-schematics\schema_armatura_del_manticora_aedd6699267138f5.json,witcher-dlc-sw-schematics,Nome nel JSON: Schema Armatura del Manticora
Manticora,PRESENTE_ALTROVE,ALCHIMIA_E_ARTIGIANATO\Schemi_di_Fabbricazione\witcher-dlc-sw-schematics\schema_scudo_del_manticora_409dc7f8f730ae6e.json,witcher-dlc-sw-schematics,Nome nel JSON: Schema Scudo del Manticora
Manticora,PRESENTE_ALTROVE,ALCHIMIA_E_ARTIGIANATO\Schemi_di_Fabbricazione\witcher-dlc-sw-schematics\schema_spada_dacciaio_del_manticora_c96248758b2c1bce.json,witcher-dlc-sw-schematics,Nome nel JSON: Schema Spada d'Acciaio del Manticora
Manticora,PRESENTE_ALTROVE,ALCHIMIA_E_ARTIGIANATO\Schemi_di_Fabbricazione\witcher-dlc-sw-schematics\schema_spada_dargento_del_manticora_f19cb95d6b19abfe.json,witcher-dlc-sw-schematics,Nome nel JSON: Schema Spada d'Argento del Manticora
Manticora,PRESENTE_ALTROVE,BESTIARIO\witcher-monsters\Manticora_16b379d2c05e4f8a.json,witcher-monsters,
Manticora,PRESENTE_ALTROVE,EQUIPAGGIAMENTO_E_TRASPORTI\Armi_e_Armature\witcher-armor\armatura_della_manticora_30b97f6a78e891e4.json,witcher-armor,Nome nel JSON: Armatura della Manticora
Manticora,PRESENTE_ALTROVE,EQUIPAGGIAMENTO_E_TRASPORTI\Armi_e_Armature\witcher-dlc-sw-equipment\armatura_del_manticora_1ea6704fc274cba2.json,witcher-dlc-sw-equipment,Nome nel JSON: Armatura del Manticora
Manticora,PRESENTE_ALTROVE,EQUIPAGGIAMENTO_E_TRASPORTI\Armi_e_Armature\witcher-dlc-sw-equipment\scudo_del_manticora_26835e76228868ec.json,witcher-dlc-sw-equipment,Nome nel JSON: Scudo del Manticora
Manticora,PRESENTE_ALTROVE,EQUIPAGGIAMENTO_E_TRASPORTI\Armi_e_Armature\witcher-dlc-sw-equipment\spada_dacciaio_del_manticora_dff7bafa4619032a.json,witcher-dlc-sw-equipment,Nome nel JSON: Spada d'Acciaio del Manticora
Manticora,PRESENTE_ALTROVE,EQUIPAGGIAMENTO_E_TRASPORTI\Armi_e_Armature\witcher-dlc-sw-equipment\spada_dargento_del_manticora_4789a37890f364ff.json,witcher-dlc-sw-equipment,Nome nel JSON: Spada d'Argento del Manticora
Manticora,PRESENTE_ALTROVE,EQUIPAGGIAMENTO_E_TRASPORTI\Armi_e_Armature\witcher-weapons\spada_dacciaio_della_manticora_00c8757ce11b1778.json,witcher-weapons,Nome nel JSON: Spada d’Acciaio della Manticora
Manticora,PRESENTE_ALTROVE,EQUIPAGGIAMENTO_E_TRASPORTI\Armi_e_Armature\witcher-weapons\spada_dargento_della_manticora_00ccb4382fba9b98.json,witcher-weapons,Nome nel JSON: Spada d’Argento della Manticora
Manticora,PRESENTE_LORE,REGOLAMENTO_E_NARRATIVA\Lore_e_Racconti\witcher-lore\scuola_della_manticora_0381b8b3a09d540b.json,witcher-lore,Nome nel JSON: Scuola della Manticora
Manticora,PRESENTE_ALTROVE,REGOLAMENTO_E_NARRATIVA\Trofei\witcher-trophies\Trofeo_Manticora_3525ace98585dd8e.json,witcher-trophies,Nome nel JSON: Trofeo: Manticora
Manticora,PRESENTE_ALTROVE,REGOLAMENTO_E_NARRATIVA\Trofei\witcher-trophies\Trofeo_Manticora_55da7fb072ac4206.json,witcher-trophies,Nome nel JSON: Trofeo: Manticora
Succube,PRESENTE_ALTROVE,ALCHIMIA_E_ARTIGIANATO\Componenti\witcher-components-mutageni-dw\mutageno_succube_verde_7ed4642d55db4d89.json,witcher-components-mutageni-dw,Nome nel JSON: Mutageno: Succube (Verde)
Succube,PRESENTE_ALTROVE,ALCHIMIA_E_ARTIGIANATO\Formule_e_Ricette\witcher-alchemy\Formula_Respiro_di_Succube_6a2279968e6674d1.json,witcher-alchemy,Nome nel JSON: Formula: Respiro di Succube
Succube,PRESENTE_ALTROVE,ALCHIMIA_E_ARTIGIANATO\Formule_e_Ricette\witcher-alchemy\respiro_di_succube_af70f412e3b85cd9.json,witcher-alchemy,Nome nel JSON: Respiro di Succube
Succube,PRESENTE_ALTROVE,BESTIARIO\witcher-monsters\succube_incubo_7ed094f23185bc6a.json,witcher-monsters,Nome nel JSON: Succube & Incubo
Succube,PRESENTE_ALTROVE,EQUIPAGGIAMENTO_E_TRASPORTI\Armi_e_Armature\witcher-weapons\bacchetta_della_succube_69cad85fd40dc873.json,witcher-weapons,Nome nel JSON: Bacchetta della Succube
Succube,PRESENTE_ALTROVE,REGOLAMENTO_E_NARRATIVA\Trofei\witcher-trophies\Trofeo_Succube_12e890dc61674d19.json,witcher-trophies,Nome nel JSON: Trofeo: Succube
Succube,PRESENTE_ALTROVE,REGOLAMENTO_E_NARRATIVA\Trofei\witcher-trophies\Trofeo_Succube_44d7307fe4c2141e.json,witcher-trophies,Nome nel JSON: Trofeo: Succube
Incubo,PRESENTE_ALTROVE,BESTIARIO\witcher-monsters\succube_incubo_7ed094f23185bc6a.json,witcher-monsters,Nome nel JSON: Succube & Incubo
Incubo,PRESENTE_ALTROVE,MAGIA_E_MALEDIZIONI\Maledizioni_e_Fatture\witcher-hexes-base\lincubo_69c35b7d033740fc.json,witcher-hexes-base,Nome nel JSON: L'Incubo
Barbegazi,PRESENTE_ALTROVE,BESTIARIO\witcher-monsters\Barbegazi_e8ad2614f03759cb.json,witcher-monsters,
Frightener,PRESENTE_ALTROVE,ALCHIMIA_E_ARTIGIANATO\Componenti\witcher-components-mutageni-dw\mutageno_frightener_verde_36e5f3c35127062e.json,witcher-components-mutageni-dw,Nome nel JSON: Mutageno: Frightener (Verde)
Frightener,PRESENTE_ALTROVE,BESTIARIO\witcher-monsters\Frightener_4fb21c96538da7e0.json,witcher-monsters,
Frightener,PRESENTE_ALTROVE,REGOLAMENTO_E_NARRATIVA\Trofei\witcher-trophies\Trofeo_Frightener_9f34bf6308df4db4.json,witcher-trophies,Nome nel JSON: Trofeo: Frightener
Frightener,PRESENTE_ALTROVE,REGOLAMENTO_E_NARRATIVA\Trofei\witcher-trophies\Trofeo_Frightener_f3e465c34bd3280f.json,witcher-trophies,Nome nel JSON: Trofeo: Frightener
Scolopendra Gigante,PRESENTE_ALTROVE,BESTIARIO\witcher-monsters\Scolopendra_Gigante_ea4189d5603b2c7f.json,witcher-monsters,
Elementali (vari),PRESENTE_ALTROVE,ALCHIMIA_E_ARTIGIANATO\Componenti\witcher-components-diario\pietra_elementale_6b5a43210f9e8d7c.json,witcher-components-diario,Nome nel JSON: Pietra Elementale
Elementali (vari),PRESENTE_ALTROVE,ALCHIMIA_E_ARTIGIANATO\Componenti\witcher-components-mutageni-dw\mutageno_elementale_blu_2464a9a9a85e607e.json,witcher-components-mutageni-dw,Nome nel JSON: Mutageno: Elementale (Blu)
Elementali (vari),PRESENTE_ALTROVE,ALCHIMIA_E_ARTIGIANATO\Formule_e_Ricette\witcher-alchemy\Formula_Olio_Anti-Elementali_wo_.json,witcher-alchemy,Nome nel JSON: Formula: Olio Anti-Elementali
Elementali (vari),PRESENTE_ALTROVE,BESTIARIO\witcher-monsters\Elementale_di_Fuoco_0b1a8754f3c2e96d.json,witcher-monsters,Nome nel JSON: Elementale di Fuoco
Elementali (vari),PRESENTE_ALTROVE,BESTIARIO\witcher-monsters\Elementale_di_Ghiaccio_b326af7c5e18490d.json,witcher-monsters,Nome nel JSON: Elementale di Ghiaccio
Elementali (vari),PRESENTE_ALTROVE,BESTIARIO\witcher-monsters\Elementale_di_Terra_279c64d03ebf1a85.json,witcher-monsters,Nome nel JSON: Elementale di Terra
Elementali (vari),PRESENTE_ALTROVE,REGOLAMENTO_E_NARRATIVA\Trofei\witcher-trophies\Trofeo_Elementale_2595fc12d1dd4c0c.json,witcher-trophies,Nome nel JSON: Trofeo: Elementale
Elementali (vari),PRESENTE_ALTROVE,REGOLAMENTO_E_NARRATIVA\Trofei\witcher-trophies\Trofeo_Elementale_67000b8af024fd04.json,witcher-trophies,Nome nel JSON: Trofeo: Elementale
Elementali (vari),PRESENTE_ALTROVE,REGOLAMENTO_E_NARRATIVA\Trofei\witcher-trophies\Trofeo_Elementale_97a3d63632854a98.json,witcher-trophies,Nome nel JSON: Trofeo: Elementale
Elementali (vari),PRESENTE_ALTROVE,REGOLAMENTO_E_NARRATIVA\Trofei\witcher-trophies\Trofeo_Elementale_98cae0cec2de53fd.json,witcher-trophies,Nome nel JSON: Trofeo: Elementale
Elementali (vari),PRESENTE_ALTROVE,REGOLAMENTO_E_NARRATIVA\Trofei\witcher-trophies\Trofeo_Elementale_a24fd3e640b540d6.json,witcher-trophies,Nome nel JSON: Trofeo: Elementale
Elementali (vari),PRESENTE_ALTROVE,REGOLAMENTO_E_NARRATIVA\Trofei\witcher-trophies\Trofeo_Elementale_d104e90b57034784.json,witcher-trophies,Nome nel JSON: Trofeo: Elementale
Godling,PRESENTE_ALTROVE,BESTIARIO\witcher-monsters\Godling_ea0b462d9f5871c3.json,witcher-monsters,
Leshen,PRESENTE_ALTROVE,ALCHIMIA_E_ARTIGIANATO\Componenti\witcher-components-mutageni-dw\mutageno_leshen_blu_cfe2d09516f47440.json,witcher-components-mutageni-dw,Nome nel JSON: Mutageno: Leshen (Blu)
Leshen,PRESENTE_ALTROVE,BESTIARIO\witcher-monsters\Leshen_d25be16a30987c4f.json,witcher-monsters,
Leshen,PRESENTE_ALTROVE,REGOLAMENTO_E_NARRATIVA\Trofei\witcher-trophies\Trofeo_Leshen_071170d10b9ce751.json,witcher-trophies,Nome nel JSON: Trofeo: Leshen
Leshen,PRESENTE_ALTROVE,REGOLAMENTO_E_NARRATIVA\Trofei\witcher-trophies\Trofeo_Leshen_5563748bcd424f45.json,witcher-trophies,Nome nel JSON: Trofeo: Leshen
Shaelmaar,PRESENTE_ALTROVE,ALCHIMIA_E_ARTIGIANATO\Componenti\witcher-components-mutageni-dw\mutageno_shaelmaar_verde_22270d7a24b0f5fb.json,witcher-components-mutageni-dw,Nome nel JSON: Mutageno: Shaelmaar (Verde)
Shaelmaar,PRESENTE_ALTROVE,BESTIARIO\witcher-monsters\Shaelmaar_c6f108bd53ae4729.json,witcher-monsters,
Shaelmaar,PRESENTE_ALTROVE,REGOLAMENTO_E_NARRATIVA\Trofei\witcher-trophies\Trofeo_Shaelmaar_4842886a875d79f8.json,witcher-trophies,Nome nel JSON: Trofeo: Shaelmaar
Shaelmaar,PRESENTE_ALTROVE,REGOLAMENTO_E_NARRATIVA\Trofei\witcher-trophies\Trofeo_Shaelmaar_f8f74feed6804447.json,witcher-trophies,Nome nel JSON: Trofeo: Shaelmaar
Battiroccia,PRESENTE_ALTROVE,BESTIARIO\witcher-monsters\Battiroccia_52f91a6ec3074bd8.json,witcher-monsters,
Ciclope,PRESENTE_ALTROVE,BESTIARIO\witcher-monsters\Ciclope_a2894b75360efc1d.json,witcher-monsters,
Ciclope,PRESENTE_ALTROVE,REGOLAMENTO_E_NARRATIVA\Trofei\witcher-trophies\Trofeo_Ciclope_0bde0052adcdbbbd.json,witcher-trophies,Nome nel JSON: Trofeo: Ciclope
Ciclope,PRESENTE_ALTROVE,REGOLAMENTO_E_NARRATIVA\Trofei\witcher-trophies\Trofeo_Ciclope_1b435ac7734e48e7.json,witcher-trophies,Nome nel JSON: Trofeo: Ciclope
Troll,PRESENTE_ALTROVE,ALCHIMIA_E_ARTIGIANATO\Componenti\witcher-components-mutageni-dw\mutageno_troll_verde_ae4a3663fa357bf6.json,witcher-components-mutageni-dw,Nome nel JSON: Mutageno: Troll (Verde)
Troll,PRESENTE_ALTROVE,ALCHIMIA_E_ARTIGIANATO\Formule_e_Ricette\witcher-alchemy\fegato_di_troll_aaef22a7a49685dc.json,witcher-alchemy,Nome nel JSON: Fegato di Troll
Troll,PRESENTE_ALTROVE,ALCHIMIA_E_ARTIGIANATO\Formule_e_Ricette\witcher-alchemy\fegato_di_troll_c70915dff74c445f.json,witcher-alchemy,Nome nel JSON: Fegato di Troll
Troll,PRESENTE_ALTROVE,ALCHIMIA_E_ARTIGIANATO\Formule_e_Ricette\witcher-alchemy\Formula_Decotto_di_Troll_dec_.json,witcher-alchemy,Nome nel JSON: Formula: Decotto di Troll
Troll,PRESENTE_ALTROVE,ALCHIMIA_E_ARTIGIANATO\Formule_e_Ricette\witcher-alchemy\pelle_di_troll_1e79d5bc739f4805.json,witcher-alchemy,Nome nel JSON: Pelle di Troll
Troll,PRESENTE_ALTROVE,ALCHIMIA_E_ARTIGIANATO\Formule_e_Ricette\witcher-alchemy\pelle_di_troll_b87bed0362fd0ced.json,witcher-alchemy,Nome nel JSON: Pelle di Troll
Troll,PRESENTE_ALTROVE,ALCHIMIA_E_ARTIGIANATO\Mutageni\witcher-mutations\mutageno_del_troll_di_roccia_8c28bcd4a584d729.json,witcher-mutations,Nome nel JSON: Mutageno del Troll di Roccia
Troll,PRESENTE_ALTROVE,ALCHIMIA_E_ARTIGIANATO\Mutageni\witcher-mutazioni-tc\regola_mutazione_mantenere_controllo_15255e2b2d47bb07.json,witcher-mutazioni-tc,Nome nel JSON: Regola Mutazione: Mantenere Controllo
Troll,PRESENTE_ALTROVE,BESTIARIO\witcher-monsters\Troll_48a5d21bf7c06e93.json,witcher-monsters,
Troll,PRESENTE_ALTROVE,BESTIARIO\witcher-monsters\Troll_di_Roccia_aad7dc7659774d5b.json,witcher-monsters,Nome nel JSON: Troll di Roccia
Troll,PRESENTE_ALTROVE,EQUIPAGGIAMENTO_E_TRASPORTI\Attrezzatura_e_Oggetti\witcher-special\decotto_di_troll_305e5eb931330f7c.json,witcher-special,Nome nel JSON: Decotto di Troll
Troll,PRESENTE_ALTROVE,MAGIA_E_MALEDIZIONI\Doni_del_Caos\witcher-goetia\evocazione_controllata_6bf8953ebcbecad4.json,witcher-goetia,Nome nel JSON: Evocazione Controllata
Troll,PRESENTE_ALTROVE,MAGIA_E_MALEDIZIONI\Doni_del_Caos\witcher-goetia\evocazione_incontrollata_c23c883585706c8b.json,witcher-goetia,Nome nel JSON: Evocazione Incontrollata
Troll,PRESENTE_ALTROVE,MAGIA_E_MALEDIZIONI\Incantesimi_e_Rituali\witcher-spells\Controllare_Acque_69c73fb2a4d44e77.json,witcher-spells,Nome nel JSON: Controllare Acque
Troll,PRESENTE_ALTROVE,REGOLAMENTO_E_NARRATIVA\Trofei\witcher-trophies\Trofeo_Troll_8e677a18869d4d9d.json,witcher-trophies,Nome nel JSON: Trofeo: Troll
Troll,PRESENTE_ALTROVE,REGOLAMENTO_E_NARRATIVA\Trofei\witcher-trophies\Trofeo_Troll_d15fe0a1b3d24ffc.json,witcher-trophies,Nome nel JSON: Trofeo: Troll
Troll,PRESENTE_ALTROVE,REGOLAMENTO_E_NARRATIVA\Trofei\witcher-trophies\Trofeo_Troll_d180ae4328590a26.json,witcher-trophies,Nome nel JSON: Trofeo: Troll
Troll,PRESENTE_ALTROVE,REGOLAMENTO_E_NARRATIVA\Trofei\witcher-trophies\Trofeo_Troll_fd8f3581ae216748.json,witcher-trophies,Nome nel JSON: Trofeo: Troll
Cockatrice,PRESENTE_ALTROVE,ALCHIMIA_E_ARTIGIANATO\Componenti\witcher-components-diario\carapace_di_cockatrice_9e8d7c6b5a43210f.json,witcher-components-diario,Nome nel JSON: Carapace di Cockatrice
Cockatrice,PRESENTE_ALTROVE,ALCHIMIA_E_ARTIGIANATO\Componenti\witcher-components-diario\piume_della_coda_di_cockatrice_3f2e1d0c9b8a7654.json,witcher-components-diario,Nome nel JSON: Piume della Coda di Cockatrice
Cockatrice,PRESENTE_ALTROVE,ALCHIMIA_E_ARTIGIANATO\Componenti\witcher-components-mutageni-dw\mutageno_cockatrice_rosso_02b6b922a3e8ddae.json,witcher-components-mutageni-dw,Nome nel JSON: Mutageno: Cockatrice (Rosso)
Cockatrice,PRESENTE_ALTROVE,BESTIARIO\witcher-monsters\Cockatrice_345c27df89b0a6e1.json,witcher-monsters,
Cockatrice,PRESENTE_ALTROVE,REGOLAMENTO_E_NARRATIVA\Trofei\witcher-trophies\Trofeo_Cockatrice_c6154ef5d8c34bfe.json,witcher-trophies,Nome nel JSON: Trofeo: Cockatrice
Cockatrice,PRESENTE_ALTROVE,REGOLAMENTO_E_NARRATIVA\Trofei\witcher-trophies\Trofeo_Cockatrice_c62f11f3b93c7d0e.json,witcher-trophies,Nome nel JSON: Trofeo: Cockatrice
Fenice,PRESENTE_ALTROVE,ALCHIMIA_E_ARTIGIANATO\Componenti\witcher-components-diario\ceneri_di_fenice_2f1e0d9c8b7a6543.json,witcher-components-diario,Nome nel JSON: Ceneri di Fenice
Fenice,PRESENTE_ALTROVE,ALCHIMIA_E_ARTIGIANATO\Componenti\witcher-components-mutageni-dw\mutageno_fenice_rosso_6d5e24bcc76b8451.json,witcher-components-mutageni-dw,Nome nel JSON: Mutageno: Fenice (Rosso)
Fenice,PRESENTE_ALTROVE,BESTIARIO\witcher-monsters\Fenice_395027d6cbea148f.json,witcher-monsters,
Fenice,PRESENTE_ALTROVE,REGOLAMENTO_E_NARRATIVA\Trofei\witcher-trophies\Trofeo_Fenice_0416e34f713f47bb.json,witcher-trophies,Nome nel JSON: Trofeo: Fenice
Fenice,PRESENTE_ALTROVE,REGOLAMENTO_E_NARRATIVA\Trofei\witcher-trophies\Trofeo_Fenice_b4bba3ee8f235516.json,witcher-trophies,Nome nel JSON: Trofeo: Fenice
Scaltrocertola,PRESENTE_ALTROVE,BESTIARIO\witcher-monsters\Scaltrocertola_31e65a29f7d048bc.json,witcher-monsters,
Scaltrocertola,PRESENTE_ALTROVE,REGOLAMENTO_E_NARRATIVA\Trofei\witcher-trophies\Trofeo_Scaltrocertola_140388cb1e622884.json,witcher-trophies,Nome nel JSON: Trofeo: Scaltrocertola
Scaltrocertola,PRESENTE_ALTROVE,REGOLAMENTO_E_NARRATIVA\Trofei\witcher-trophies\Trofeo_Scaltrocertola_e22f4aae08a44702.json,witcher-trophies,Nome nel JSON: Trofeo: Scaltrocertola
Bruxa,PRESENTE_ALTROVE,ALCHIMIA_E_ARTIGIANATO\Componenti\witcher-components-mutageni-dw\mutageno_bruxa_blu_9896ad4010e264a9.json,witcher-components-mutageni-dw,Nome nel JSON: Mutageno: Bruxa (Blu)
Bruxa,PRESENTE_ALTROVE,BESTIARIO\witcher-monsters\Bruxa_39f04128bca6d5e7.json,witcher-monsters,
Bruxa,PRESENTE_ALTROVE,REGOLAMENTO_E_NARRATIVA\Trofei\witcher-trophies\Trofeo_Bruxa_30d16057087f4259.json,witcher-trophies,Nome nel JSON: Trofeo: Bruxa
Bruxa,PRESENTE_ALTROVE,REGOLAMENTO_E_NARRATIVA\Trofei\witcher-trophies\Trofeo_Bruxa_34893db4d3605195.json,witcher-trophies,Nome nel JSON: Trofeo: Bruxa
Garkain,PRESENTE_ALTROVE,ALCHIMIA_E_ARTIGIANATO\Componenti\witcher-components-mutageni-dw\mutageno_garkain_verde_68ac464d20c3f0ca.json,witcher-components-mutageni-dw,Nome nel JSON: Mutageno: Garkain (Verde)
Garkain,PRESENTE_ALTROVE,BESTIARIO\witcher-monsters\Garkain_e4d1b092f7c638a5.json,witcher-monsters,
Garkain,PRESENTE_ALTROVE,REGOLAMENTO_E_NARRATIVA\Trofei\witcher-trophies\Trofeo_Garkain_504e89e9f5ba473c.json,witcher-trophies,Nome nel JSON: Trofeo: Garkain
Garkain,PRESENTE_ALTROVE,REGOLAMENTO_E_NARRATIVA\Trofei\witcher-trophies\Trofeo_Garkain_fa46041ec51c5b71.json,witcher-trophies,Nome nel JSON: Trofeo: Garkain
Plumard,PRESENTE_ALTROVE,BESTIARIO\witcher-monsters\Plumard_d2b7c4a0398f6e15.json,witcher-monsters,
Veri Draghi (Background),MANCANTE,,,Non trovato nel nome dei JSON
Vampiri Superiori (Background),MANCANTE,,,Non trovato nel nome dei JSON
Gnomi (razza),PRESENTE_ALTROVE,REGOLAMENTO_E_NARRATIVA\Professioni_e_Abilita\witcher-races\gnomo_4c5dd5d31d65b8c9.json,witcher-races,Nome nel JSON: Gnomo
Vran (razza),PRESENTE_ALTROVE,REGOLAMENTO_E_NARRATIVA\Professioni_e_Abilita\witcher-races\vran_8985f8336402176c.json,witcher-races,Nome nel JSON: Vran
Vran (razza),PRESENTE_ALTROVE,REGOLAMENTO_E_NARRATIVA\Professioni_e_Abilita\witcher-skills\sovranita_divina_e8f9a0b1c2d3e4f5.json,witcher-skills,Nome nel JSON: Sovranità Divina
Bobolak (razza),PRESENTE_ALTROVE,REGOLAMENTO_E_NARRATIVA\Professioni_e_Abilita\witcher-races\bobolak_5585e6301c871756.json,witcher-races,Nome nel JSON: Bobolak
Dandelion Flagello di Draghi e Donzelle,MANCANTE,,,Non trovato nel nome dei JSON
Equipaggiamento Scuola del Lupo,MANCANTE,,,Non trovato nel nome dei JSON
Equipaggiamento Scuola dell'Orso,MANCANTE,,,Non trovato nel nome dei JSON
Equipaggiamento Scuola della Manticora,MANCANTE,,,Non trovato nel nome dei JSON
Equipaggiamento Scuola del Gatto,MANCANTE,,,Non trovato nel nome dei JSON
Equipaggiamento Scuola del Grifone,MANCANTE,,,Non trovato nel nome dei JSON
