orphan_type,identifier,name,details
asset_without_reference,EQUIPAGGIAMENTO/witcher-armor/armatura_del_manticora.webp,armatura_del_manticora.webp,Physical asset file exists in witcher-compendium/assets but is not referenced by any entry JSON.
asset_without_reference,EQUIPAGGIAMENTO/witcher-armor/armatura_del_orso.webp,armatura_del_orso.webp,Physical asset file exists in witcher-compendium/assets but is not referenced by any entry JSON.
asset_without_reference,EQUIPAGGIAMENTO/witcher-armor/armatura_del_vipera.webp,armatura_del_vipera.webp,Physical asset file exists in witcher-compendium/assets but is not referenced by any entry JSON.
asset_without_reference,EQUIPAGGIAMENTO/witcher-equipment/legame_di_coppia.webp,legame_di_coppia.webp,Physical asset file exists in witcher-compendium/assets but is not referenced by any entry JSON.
asset_without_reference,EQUIPAGGIAMENTO/witcher-equipment/megascopio.webp,megascopio.webp,Physical asset file exists in witcher-compendium/assets but is not referenced by any entry JSON.
asset_without_reference,EQUIPAGGIAMENTO/witcher-equipment/occhio_di_nehaleni.webp,occhio_di_nehaleni.webp,Physical asset file exists in witcher-compendium/assets but is not referenced by any entry JSON.
asset_without_reference,EQUIPAGGIAMENTO/witcher-equipment/portale_fisso.webp,portale_fisso.webp,Physical asset file exists in witcher-compendium/assets but is not referenced by any entry JSON.
asset_without_reference,EQUIPAGGIAMENTO/witcher-equipment/quadrifoglio.webp,quadrifoglio.webp,Physical asset file exists in witcher-compendium/assets but is not referenced by any entry JSON.
asset_without_reference,EQUIPAGGIAMENTO/witcher-equipment/specchio_dei_desideri.webp,specchio_dei_desideri.webp,Physical asset file exists in witcher-compendium/assets but is not referenced by any entry JSON.
asset_without_reference,EQUIPAGGIAMENTO/witcher-equipment/teschio_di_cristallo.webp,teschio_di_cristallo.webp,Physical asset file exists in witcher-compendium/assets but is not referenced by any entry JSON.
asset_without_reference,EQUIPAGGIAMENTO/witcher-equipment/torcia.webp,torcia.webp,Physical asset file exists in witcher-compendium/assets but is not referenced by any entry JSON.
asset_without_reference,EQUIPAGGIAMENTO/witcher-equipment/utensili_da_incisore_runico.webp,utensili_da_incisore_runico.webp,Physical asset file exists in witcher-compendium/assets but is not referenced by any entry JSON.
entry_without_asset,MAGIA_E_MALEDIZIONI/Incantesimi_e_Rituali/chernobog_473e058105d580c6.json,Chernobog,Entry uses a generic placeholder asset: MAGIA_E_MALEDIZIONI/Incantesimi_e_Rituali/witcher-runes/chernobog.webp
entry_without_asset,MAGIA_E_MALEDIZIONI/Incantesimi_e_Rituali/dazhbog_9d99c60581f09e9d.json,Dazhbog,Entry uses a generic placeholder asset: MAGIA_E_MALEDIZIONI/Incantesimi_e_Rituali/witcher-runes/dazhbog.webp
entry_without_asset,MAGIA_E_MALEDIZIONI/Incantesimi_e_Rituali/devana_84d6600ffe12ec6a.json,Devana,Entry uses a generic placeholder asset: MAGIA_E_MALEDIZIONI/Incantesimi_e_Rituali/witcher-runes/devana.webp
entry_without_asset,MAGIA_E_MALEDIZIONI/Incantesimi_e_Rituali/glifo_della_terra_3666219674b81b0e.json,Glifo della Terra,Entry uses a generic placeholder asset: MAGIA_E_MALEDIZIONI/Incantesimi_e_Rituali/witcher-runes/glifo_della_terra.webp
entry_without_asset,MAGIA_E_MALEDIZIONI/Incantesimi_e_Rituali/glifo_dell_acqua_50f25aafdfd4f85d.json,Glifo dell'Acqua,Entry uses a generic placeholder asset: MAGIA_E_MALEDIZIONI/Incantesimi_e_Rituali/witcher-runes/glifo_dell_acqua.webp
entry_without_asset,MAGIA_E_MALEDIZIONI/Incantesimi_e_Rituali/glifo_dell_aria_0734f78558e6e553.json,Glifo dell'Aria,Entry uses a generic placeholder asset: MAGIA_E_MALEDIZIONI/Incantesimi_e_Rituali/witcher-runes/glifo_dell_aria.webp
entry_without_asset,MAGIA_E_MALEDIZIONI/Incantesimi_e_Rituali/glifo_del_fuoco_c0cf70a762ffe38f.json,Glifo del Fuoco,Entry uses a generic placeholder asset: MAGIA_E_MALEDIZIONI/Incantesimi_e_Rituali/witcher-runes/glifo_del_fuoco.webp
entry_without_asset,MAGIA_E_MALEDIZIONI/Incantesimi_e_Rituali/glifo_di_magia_9d24fcb36cc2c3a0.json,Glifo di Magia,Entry uses a generic placeholder asset: MAGIA_E_MALEDIZIONI/Incantesimi_e_Rituali/witcher-runes/glifo_di_magia.webp
entry_without_asset,MAGIA_E_MALEDIZIONI/Incantesimi_e_Rituali/morana_6f1799979e9cbf7b.json,Morana,Entry uses a generic placeholder asset: MAGIA_E_MALEDIZIONI/Incantesimi_e_Rituali/witcher-runes/morana.webp
entry_without_asset,MAGIA_E_MALEDIZIONI/Incantesimi_e_Rituali/perun_89ff458911c59973.json,Perun,Entry uses a generic placeholder asset: MAGIA_E_MALEDIZIONI/Incantesimi_e_Rituali/witcher-runes/perun.webp
entry_without_asset,MAGIA_E_MALEDIZIONI/Incantesimi_e_Rituali/stribog_2c794e88a5e114c1.json,Stribog,Entry uses a generic placeholder asset: MAGIA_E_MALEDIZIONI/Incantesimi_e_Rituali/witcher-runes/stribog.webp
entry_without_asset,MAGIA_E_MALEDIZIONI/Incantesimi_e_Rituali/svarog_d649e85510cfbdb8.json,Svarog,Entry uses a generic placeholder asset: MAGIA_E_MALEDIZIONI/Incantesimi_e_Rituali/witcher-runes/svarog.webp
entry_without_asset,MAGIA_E_MALEDIZIONI/Incantesimi_e_Rituali/triglav_4801df417ac522ab.json,Triglav,Entry uses a generic placeholder asset: MAGIA_E_MALEDIZIONI/Incantesimi_e_Rituali/witcher-runes/triglav.webp
entry_without_asset,MAGIA_E_MALEDIZIONI/Incantesimi_e_Rituali/veles_1afe55a9f732288c.json,Veles,Entry uses a generic placeholder asset: MAGIA_E_MALEDIZIONI/Incantesimi_e_Rituali/witcher-runes/veles.webp
entry_without_asset,MAGIA_E_MALEDIZIONI/Incantesimi_e_Rituali/zoria_905e88dfef1ef2dd.json,Zoria,Entry uses a generic placeholder asset: MAGIA_E_MALEDIZIONI/Incantesimi_e_Rituali/witcher-runes/zoria.webp
entry_without_cross_reference,ALCHIMIA_E_ARTIGIANATO/witcher-alchemy/aiuto_dell_investigatore_6826b81513b34670.json,Aiuto dell'Investigatore,Isolated entry: has no inbound or outbound cross-references or semantic links in the entire compendium.
entry_without_cross_reference,ALCHIMIA_E_ARTIGIANATO/witcher-alchemy/aloe_del_lupo_8b6fae5f43fe90c6.json,Aloe del Lupo,Isolated entry: has no inbound or outbound cross-references or semantic links in the entire compendium.
entry_without_cross_reference,ALCHIMIA_E_ARTIGIANATO/witcher-alchemy/brionia_7dfa6daef06adc1c.json,Brionia,Isolated entry: has no inbound or outbound cross-references or semantic links in the entire compendium.
entry_without_cross_reference,ALCHIMIA_E_ARTIGIANATO/witcher-alchemy/calcium_equum_31680d765216a4af.json,Calcium Equum,Isolated entry: has no inbound or outbound cross-references or semantic links in the entire compendium.
entry_without_cross_reference,ALCHIMIA_E_ARTIGIANATO/witcher-alchemy/caprifoglio_823eaf1cd8d9c2c4.json,Caprifoglio,Isolated entry: has no inbound or outbound cross-references or semantic links in the entire compendium.
entry_without_cross_reference,ALCHIMIA_E_ARTIGIANATO/witcher-alchemy/celidonia_dd6a098153c90d21.json,Celidonia,Isolated entry: has no inbound or outbound cross-references or semantic links in the entire compendium.
entry_without_cross_reference,ALCHIMIA_E_ARTIGIANATO/witcher-alchemy/cortinarius_2f1629feabb48338.json,Cortinarius,Isolated entry: has no inbound or outbound cross-references or semantic links in the entire compendium.
entry_without_cross_reference,ALCHIMIA_E_ARTIGIANATO/witcher-alchemy/elisir_adrenalinico_e95ac0d602ebf7e8.json,Elisir Adrenalinico,Isolated entry: has no inbound or outbound cross-references or semantic links in the entire compendium.
entry_without_cross_reference,ALCHIMIA_E_ARTIGIANATO/witcher-alchemy/foglie_di_balissa_9b25ff83312726e5.json,Foglie di Balissa,Isolated entry: has no inbound or outbound cross-references or semantic links in the entire compendium.
entry_without_cross_reference,ALCHIMIA_E_ARTIGIANATO/witcher-alchemy/formula_gatto_dc5bfa134849b900.json,Formula: Gatto,Isolated entry: has no inbound or outbound cross-references or semantic links in the entire compendium.
entry_without_cross_reference,ALCHIMIA_E_ARTIGIANATO/witcher-alchemy/formula_olio_anti_elementali_c0f4e67829ad315b.json,Formula: Olio Anti-Elementali,Isolated entry: has no inbound or outbound cross-references or semantic links in the entire compendium.
entry_without_cross_reference,ALCHIMIA_E_ARTIGIANATO/witcher-alchemy/frutto_di_balissa_af851ce9c3fd9f22.json,Frutto di Balissa,Isolated entry: has no inbound or outbound cross-references or semantic links in the entire compendium.
entry_without_cross_reference,ALCHIMIA_E_ARTIGIANATO/witcher-alchemy/frutto_di_berbercane_e96dc3f1d7cb4a16.json,Frutto di Berbercane,Isolated entry: has no inbound or outbound cross-references or semantic links in the entire compendium.
entry_without_cross_reference,ALCHIMIA_E_ARTIGIANATO/witcher-alchemy/fungo_sewant_29445a8a83d78cd2.json,Fungo Sewant,Isolated entry: has no inbound or outbound cross-references or semantic links in the entire compendium.
entry_without_cross_reference,ALCHIMIA_E_ARTIGIANATO/witcher-alchemy/grasso_di_cane_4198ede3706536e5.json,Grasso di Cane,Isolated entry: has no inbound or outbound cross-references or semantic links in the entire compendium.
entry_without_cross_reference,ALCHIMIA_E_ARTIGIANATO/witcher-alchemy/orzo_95a39c10ac2c30d2.json,Orzo,Isolated entry: has no inbound or outbound cross-references or semantic links in the entire compendium.
entry_without_cross_reference,ALCHIMIA_E_ARTIGIANATO/witcher-alchemy/petali_di_mirto_bianco_ec0a066de5952cd6.json,Petali di Mirto Bianco,Isolated entry: has no inbound or outbound cross-references or semantic links in the entire compendium.
entry_without_cross_reference,ALCHIMIA_E_ARTIGIANATO/witcher-alchemy/pietra_del_vino_0f558734abb24106.json,Pietra del Vino,Isolated entry: has no inbound or outbound cross-references or semantic links in the entire compendium.
entry_without_cross_reference,ALCHIMIA_E_ARTIGIANATO/witcher-alchemy/pozione_di_toussaint_79522b70478f66fa.json,Pozione di Toussaint,Isolated entry: has no inbound or outbound cross-references or semantic links in the entire compendium.
entry_without_cross_reference,ALCHIMIA_E_ARTIGIANATO/witcher-alchemy/prezzemolo_selvatico_12e61a61030946ba.json,Prezzemolo Selvatico,Isolated entry: has no inbound or outbound cross-references or semantic links in the entire compendium.
entry_without_cross_reference,ALCHIMIA_E_ARTIGIANATO/witcher-alchemy/puro_caelum_3d98f156a74e1451.json,Puro Caelum,Isolated entry: has no inbound or outbound cross-references or semantic links in the entire compendium.
entry_without_cross_reference,ALCHIMIA_E_ARTIGIANATO/witcher-alchemy/puro_etere_cb61a49e08c04de4.json,Puro Etere,Isolated entry: has no inbound or outbound cross-references or semantic links in the entire compendium.
entry_without_cross_reference,ALCHIMIA_E_ARTIGIANATO/witcher-alchemy/puro_fulgur_d4ecf5b0096e25be.json,Puro Fulgur,Isolated entry: has no inbound or outbound cross-references or semantic links in the entire compendium.
entry_without_cross_reference,ALCHIMIA_E_ARTIGIANATO/witcher-alchemy/puro_hydragenum_f2444c384cad712c.json,Puro Hydragenum,Isolated entry: has no inbound or outbound cross-references or semantic links in the entire compendium.
entry_without_cross_reference,ALCHIMIA_E_ARTIGIANATO/witcher-alchemy/puro_quebrith_0b2873a7d3ed701f.json,Puro Quebrith,Isolated entry: has no inbound or outbound cross-references or semantic links in the entire compendium.
entry_without_cross_reference,ALCHIMIA_E_ARTIGIANATO/witcher-alchemy/puro_rebis_cc05a685ff08e83d.json,Puro Rebis,Isolated entry: has no inbound or outbound cross-references or semantic links in the entire compendium.
entry_without_cross_reference,ALCHIMIA_E_ARTIGIANATO/witcher-alchemy/puro_sol_20e068d5fa5fbb36.json,Puro Sol,Isolated entry: has no inbound or outbound cross-references or semantic links in the entire compendium.
entry_without_cross_reference,ALCHIMIA_E_ARTIGIANATO/witcher-alchemy/puro_vermiglio_6d608e7720919161.json,Puro Vermiglio,Isolated entry: has no inbound or outbound cross-references or semantic links in the entire compendium.
entry_without_cross_reference,ALCHIMIA_E_ARTIGIANATO/witcher-alchemy/puro_vetriolo_4b1566886954c974.json,Puro Vetriolo,Isolated entry: has no inbound or outbound cross-references or semantic links in the entire compendium.
entry_without_cross_reference,ALCHIMIA_E_ARTIGIANATO/witcher-alchemy/radice_di_pimento_cfe496b115424807.json,Radice di Pimento,Isolated entry: has no inbound or outbound cross-references or semantic links in the entire compendium.
entry_without_cross_reference,ALCHIMIA_E_ARTIGIANATO/witcher-alchemy/rossetto_velenoso_250ad7a4e25e9c89.json,Rossetto Velenoso,Isolated entry: has no inbound or outbound cross-references or semantic links in the entire compendium.
entry_without_cross_reference,ALCHIMIA_E_ARTIGIANATO/witcher-alchemy/scleroderma_bd1a4ecf135bb576.json,Scleroderma,Isolated entry: has no inbound or outbound cross-references or semantic links in the entire compendium.
entry_without_cross_reference,ALCHIMIA_E_ARTIGIANATO/witcher-alchemy/sempreviva_nanica_97d7a5cdcd801c3e.json,Sempreviva Nanica,Isolated entry: has no inbound or outbound cross-references or semantic links in the entire compendium.
entry_without_cross_reference,ALCHIMIA_E_ARTIGIANATO/witcher-alchemy/unguento_cinereo_b547eb6a4cf94d05.json,Unguento Cinereo,Isolated entry: has no inbound or outbound cross-references or semantic links in the entire compendium.
entry_without_cross_reference,ALCHIMIA_E_ARTIGIANATO/witcher-alchemy/veleno_di_cappuccio_di_monaco_1664e85ed6aa5b08.json,Veleno di Cappuccio di Monaco,Isolated entry: has no inbound or outbound cross-references or semantic links in the entire compendium.
entry_without_cross_reference,ALCHIMIA_E_ARTIGIANATO/witcher-alchemy/verbena_6b5787685979186e.json,Verbena,Isolated entry: has no inbound or outbound cross-references or semantic links in the entire compendium.
entry_without_cross_reference,ALCHIMIA_E_ARTIGIANATO/witcher-components/argento_67f4cc5e358fcd0a.json,Argento,Isolated entry: has no inbound or outbound cross-references or semantic links in the entire compendium.
entry_without_cross_reference,ALCHIMIA_E_ARTIGIANATO/witcher-components/corna_di_silvano_74f48bc69541179b.json,Corna di Silvano,Isolated entry: has no inbound or outbound cross-references or semantic links in the entire compendium.
entry_without_cross_reference,ALCHIMIA_E_ARTIGIANATO/witcher-components/corno_di_bes_73b3c6bf627ad6a7.json,Corno di Bes,Isolated entry: has no inbound or outbound cross-references or semantic links in the entire compendium.
entry_without_cross_reference,ALCHIMIA_E_ARTIGIANATO/witcher-components/grasso_d_orso_92e00306fb135017.json,Grasso d'Orso,Isolated entry: has no inbound or outbound cross-references or semantic links in the entire compendium.
entry_without_cross_reference,ALCHIMIA_E_ARTIGIANATO/witcher-components/linfa_di_abominio_7c6b5a43210f9e8d.json,Linfa di Abominio,Isolated entry: has no inbound or outbound cross-references or semantic links in the entire compendium.
entry_without_cross_reference,ALCHIMIA_E_ARTIGIANATO/witcher-components/oro_f490c0b2131458a7.json,Oro,Isolated entry: has no inbound or outbound cross-references or semantic links in the entire compendium.
entry_without_cross_reference,ALCHIMIA_E_ARTIGIANATO/witcher-components/pelle_di_dragonide_7fdef6ba557ec03a.json,Pelle di Dragonide,Isolated entry: has no inbound or outbound cross-references or semantic links in the entire compendium.
entry_without_cross_reference,ALCHIMIA_E_ARTIGIANATO/witcher-components/pelle_d_orso_5bd59e64aff7a81e.json,Pelle d'Orso,Isolated entry: has no inbound or outbound cross-references or semantic links in the entire compendium.
entry_without_cross_reference,ALCHIMIA_E_ARTIGIANATO/witcher-components/pietra_elementale_6b5a43210f9e8d7c.json,Pietra Elementale,Isolated entry: has no inbound or outbound cross-references or semantic links in the entire compendium.
entry_without_cross_reference,ALCHIMIA_E_ARTIGIANATO/witcher-components/polvere_zerrikaniana_391483bd69fdc687.json,Polvere Zerrikaniana,Isolated entry: has no inbound or outbound cross-references or semantic links in the entire compendium.
entry_without_cross_reference,ALCHIMIA_E_ARTIGIANATO/witcher-components/saliva_di_alp_ec383db7dcb23e3d.json,Saliva di Alp,Isolated entry: has no inbound or outbound cross-references or semantic links in the entire compendium.
entry_without_cross_reference,ALCHIMIA_E_ARTIGIANATO/witcher-mutations/mutageno_elementale_blu_2464a9a9a85e607e.json,Mutageno: Elementale (Blu),Isolated entry: has no inbound or outbound cross-references or semantic links in the entire compendium.
entry_without_cross_reference,ALCHIMIA_E_ARTIGIANATO/witcher-mutations/mutageno_succube_verde_7ed4642d55db4d89.json,Mutageno: Succube (Verde),Isolated entry: has no inbound or outbound cross-references or semantic links in the entire compendium.
entry_without_cross_reference,ALCHIMIA_E_ARTIGIANATO/witcher-mutazioni-tc/regola_mutazione_cd_esperimento_avanzato_fe3324f4fd08a961.json,Regola Mutazione: CD Esperimento Avanzato,Isolated entry: has no inbound or outbound cross-references or semantic links in the entire compendium.
entry_without_cross_reference,ALCHIMIA_E_ARTIGIANATO/witcher-mutazioni-tc/regola_mutazione_combinare_creature_ac6afa586331cca0.json,Regola Mutazione: Combinare Creature,Isolated entry: has no inbound or outbound cross-references or semantic links in the entire compendium.
entry_without_cross_reference,ALCHIMIA_E_ARTIGIANATO/witcher-mutazioni-tc/regola_mutazione_fallire_esperimento_2fcf00fa68f8c8c0.json,Regola Mutazione: Fallire Esperimento,Isolated entry: has no inbound or outbound cross-references or semantic links in the entire compendium.
entry_without_cross_reference,ALCHIMIA_E_ARTIGIANATO/witcher-mutazioni-tc/tratto_mutazione_appendice_gigante_1fb4045119aa25a4.json,Tratto Mutazione: Appendice Gigante,Isolated entry: has no inbound or outbound cross-references or semantic links in the entire compendium.
entry_without_cross_reference,ALCHIMIA_E_ARTIGIANATO/witcher-mutazioni-tc/tratto_mutazione_arto_aggiuntivo_a89fc5455fed2de3.json,Tratto Mutazione: Arto Aggiuntivo,Isolated entry: has no inbound or outbound cross-references or semantic links in the entire compendium.
entry_without_cross_reference,ALCHIMIA_E_ARTIGIANATO/witcher-mutazioni-tc/tratto_mutazione_testa_aggiuntiva_5f1356214a7ca68f.json,Tratto Mutazione: Testa Aggiuntiva,Isolated entry: has no inbound or outbound cross-references or semantic links in the entire compendium.
entry_without_cross_reference,ALCHIMIA_E_ARTIGIANATO/witcher-schematics/schema_armatura_della_lumaca_c5b2337b0e663674.json,Schema: Schema Armatura della Lumaca,Isolated entry: has no inbound or outbound cross-references or semantic links in the entire compendium.
entry_without_cross_reference,ALCHIMIA_E_ARTIGIANATO/witcher-schematics/schema_armatura_del_orso_4faf34eb649331cd.json,Schema: Schema Armatura del Orso,Isolated entry: has no inbound or outbound cross-references or semantic links in the entire compendium.
entry_without_cross_reference,ALCHIMIA_E_ARTIGIANATO/witcher-schematics/schema_armatura_del_vipera_7820eaeccdca5b0d.json,Schema: Schema Armatura del Vipera,Isolated entry: has no inbound or outbound cross-references or semantic links in the entire compendium.
entry_without_cross_reference,ALCHIMIA_E_ARTIGIANATO/witcher-schematics/schema_armatura_gnomesca_da_dragone_6c41b7894d554805.json,Schema: Armatura Gnomesca da Dragone,Isolated entry: has no inbound or outbound cross-references or semantic links in the entire compendium.
entry_without_cross_reference,ALCHIMIA_E_ARTIGIANATO/witcher-schematics/schema_armi_di_toussaint_24886ddd935af3d9.json,Schema: Schema Armi di Toussaint,Isolated entry: has no inbound or outbound cross-references or semantic links in the entire compendium.
entry_without_cross_reference,ALCHIMIA_E_ARTIGIANATO/witcher-schematics/schema_munizioni_a_punta_larga_7b53ec7f7bf34eac.json,Schema: Munizioni a Punta Larga (x10),Isolated entry: has no inbound or outbound cross-references or semantic links in the entire compendium.
entry_without_cross_reference,ALCHIMIA_E_ARTIGIANATO/witcher-schematics/schema_rinforzo_in_fibra_9917c793cba645a3.json,Schema: Rinforzo in Fibra,Isolated entry: has no inbound or outbound cross-references or semantic links in the entire compendium.
entry_without_cross_reference,ALCHIMIA_E_ARTIGIANATO/witcher-schematics/schema_rinforzo_nano_5e082e424a3a4dab.json,Schema: Rinforzo Nano,Isolated entry: has no inbound or outbound cross-references or semantic links in the entire compendium.
entry_without_cross_reference,ALCHIMIA_E_ARTIGIANATO/witcher-schematics/schema_spada_d_acciaio_della_lumaca_8740d6ca0ec69f89.json,Schema: Schema Spada d'Acciaio della Lumaca,Isolated entry: has no inbound or outbound cross-references or semantic links in the entire compendium.
entry_without_cross_reference,ALCHIMIA_E_ARTIGIANATO/witcher-schematics/schema_spada_d_acciaio_del_orso_09658d766401261d.json,Schema: Schema Spada d'Acciaio del Orso,Isolated entry: has no inbound or outbound cross-references or semantic links in the entire compendium.
entry_without_cross_reference,ALCHIMIA_E_ARTIGIANATO/witcher-schematics/schema_spada_d_acciaio_del_vipera_2b285bd6d0b28320.json,Schema: Schema Spada d'Acciaio del Vipera,Isolated entry: has no inbound or outbound cross-references or semantic links in the entire compendium.
entry_without_cross_reference,ALCHIMIA_E_ARTIGIANATO/witcher-schematics/schema_spada_d_argento_della_lumaca_542bee0e7a3953eb.json,Schema: Schema Spada d'Argento della Lumaca,Isolated entry: has no inbound or outbound cross-references or semantic links in the entire compendium.
entry_without_cross_reference,ALCHIMIA_E_ARTIGIANATO/witcher-schematics/schema_spada_d_argento_del_orso_1e19004d01539483.json,Schema: Schema Spada d'Argento del Orso,Isolated entry: has no inbound or outbound cross-references or semantic links in the entire compendium.
entry_without_cross_reference,ALCHIMIA_E_ARTIGIANATO/witcher-schematics/schema_spada_d_argento_del_vipera_6cc6acfeb594bd07.json,Schema: Schema Spada d'Argento del Vipera,Isolated entry: has no inbound or outbound cross-references or semantic links in the entire compendium.
entry_without_cross_reference,ALCHIMIA_E_ARTIGIANATO/witcher-schematics/schema_zanna_del_vipera_d9748aefddd55105.json,Schema: Schema Zanna del Vipera,Isolated entry: has no inbound or outbound cross-references or semantic links in the entire compendium.
entry_without_cross_reference,BESTIARIO/witcher-animals/Bue_6275656265737431.json,Bue,Isolated entry: has no inbound or outbound cross-references or semantic links in the entire compendium.
entry_without_cross_reference,BESTIARIO/witcher-animals/Cane_63616e6562657374.json,Cane,Isolated entry: has no inbound or outbound cross-references or semantic links in the entire compendium.
entry_without_cross_reference,BESTIARIO/witcher-animals/Mulo_6d756c6f62657374.json,Mulo,Isolated entry: has no inbound or outbound cross-references or semantic links in the entire compendium.
entry_without_cross_reference,BESTIARIO/witcher-animals/warg_e958d3ecee13529b.json,Warg,Isolated entry: has no inbound or outbound cross-references or semantic links in the entire compendium.
entry_without_cross_reference,BESTIARIO/witcher-characters/brodgar_farrag_e982bd20a83c3b13.json,Brodgar Farrag,Isolated entry: has no inbound or outbound cross-references or semantic links in the entire compendium.
entry_without_cross_reference,BESTIARIO/witcher-characters/crogiolo_kowal_63726f67696f6c6f.json,"""Crogiolo"" Kowal",Isolated entry: has no inbound or outbound cross-references or semantic links in the entire compendium.
entry_without_cross_reference,BESTIARIO/witcher-characters/elias_von_drexel_bfc34788c345a119.json,Elias von Drexel,Isolated entry: has no inbound or outbound cross-references or semantic links in the entire compendium.
entry_without_cross_reference,BESTIARIO/witcher-characters/enid_harkus_0cd1d4394ae7ae41.json,Enid Harkus,Isolated entry: has no inbound or outbound cross-references or semantic links in the entire compendium.
entry_without_cross_reference,BESTIARIO/witcher-characters/la_strega_di_rupe_della_lince_34253226f5c82904.json,La Strega di Rupe della Lince,Isolated entry: has no inbound or outbound cross-references or semantic links in the entire compendium.
entry_without_cross_reference,BESTIARIO/witcher-monsters/bestia_del_lago_tankred_8e1eab2491949360.json,Bestia del Lago Tankred,Isolated entry: has no inbound or outbound cross-references or semantic links in the entire compendium.
entry_without_cross_reference,BESTIARIO/witcher-monsters/corriere_6b97c66525e348b6.json,Corriere,Isolated entry: has no inbound or outbound cross-references or semantic links in the entire compendium.
entry_without_cross_reference,BESTIARIO/witcher-monsters/cultista_del_coram_agh_tera_418c67ecf457abcb.json,Cultista del Coram Agh Tera,Isolated entry: has no inbound or outbound cross-references or semantic links in the entire compendium.
entry_without_cross_reference,BESTIARIO/witcher-monsters/gigascorpione_33590ff433306c9d.json,Gigascorpione,Isolated entry: has no inbound or outbound cross-references or semantic links in the entire compendium.
entry_without_cross_reference,BESTIARIO/witcher-monsters/oritteropo_a2663c6721e4f823.json,Oritteropo,Isolated entry: has no inbound or outbound cross-references or semantic links in the entire compendium.
entry_without_cross_reference,BESTIARIO/witcher-monsters/scout_e5e302f2e54a41d4.json,Scout,Isolated entry: has no inbound or outbound cross-references or semantic links in the entire compendium.
entry_without_cross_reference,EQUIPAGGIAMENTO/witcher-armor/scudo_in_scaglie_di_viverna_7c8d9e0f1a2b3c4d.json,Scudo in Scaglie di Viverna,Isolated entry: has no inbound or outbound cross-references or semantic links in the entire compendium.
entry_without_cross_reference,EQUIPAGGIAMENTO/witcher-equipment/20m_di_corda_6744066439faf25e.json,20m di Corda,Isolated entry: has no inbound or outbound cross-references or semantic links in the entire compendium.
entry_without_cross_reference,EQUIPAGGIAMENTO/witcher-equipment/amplificatore_d8a48ffcdc782700.json,Amplificatore,Isolated entry: has no inbound or outbound cross-references or semantic links in the entire compendium.
entry_without_cross_reference,EQUIPAGGIAMENTO/witcher-equipment/amuleto_incantato_2_incantesimi_4d40471f65001a0b.json,Amuleto Incantato (2 Incantesimi),Isolated entry: has no inbound or outbound cross-references or semantic links in the entire compendium.
entry_without_cross_reference,EQUIPAGGIAMENTO/witcher-equipment/amuleto_incantato_3_incantesimi_4ddf42cb2eab0e0c.json,Amuleto Incantato (3 Incantesimi),Isolated entry: has no inbound or outbound cross-references or semantic links in the entire compendium.
entry_without_cross_reference,EQUIPAGGIAMENTO/witcher-equipment/amuleto_incantato_4_incantesimi_5bfe48717eebb217.json,Amuleto Incantato (4 Incantesimi),Isolated entry: has no inbound or outbound cross-references or semantic links in the entire compendium.
entry_without_cross_reference,EQUIPAGGIAMENTO/witcher-equipment/amuleto_semplice_7154dad58f595fe8.json,Amuleto Semplice,Isolated entry: has no inbound or outbound cross-references or semantic links in the entire compendium.
entry_without_cross_reference,EQUIPAGGIAMENTO/witcher-equipment/anello_del_favore_65abbe35f68e927b.json,Anello del Favore,Isolated entry: has no inbound or outbound cross-references or semantic links in the entire compendium.
entry_without_cross_reference,EQUIPAGGIAMENTO/witcher-equipment/anti_costrutti_dd75a029513af7f7.json,Anti-Costrutti,Isolated entry: has no inbound or outbound cross-references or semantic links in the entire compendium.
entry_without_cross_reference,EQUIPAGGIAMENTO/witcher-equipment/arnesi_da_scasso_0fef46fca9c86760.json,Arnesi da Scasso,Isolated entry: has no inbound or outbound cross-references or semantic links in the entire compendium.
entry_without_cross_reference,EQUIPAGGIAMENTO/witcher-equipment/arto_artificiale_87b0d7a95b375f04.json,Arto Artificiale,Isolated entry: has no inbound or outbound cross-references or semantic links in the entire compendium.
entry_without_cross_reference,EQUIPAGGIAMENTO/witcher-equipment/arto_artificiale_di_qualita_b81eec29f7eb6759.json,Arto Artificiale di Qualità,Isolated entry: has no inbound or outbound cross-references or semantic links in the entire compendium.
entry_without_cross_reference,EQUIPAGGIAMENTO/witcher-equipment/bambola_da_magia_nera_846c89e88640a65f.json,Bambola da Magia Nera,Isolated entry: has no inbound or outbound cross-references or semantic links in the entire compendium.
entry_without_cross_reference,EQUIPAGGIAMENTO/witcher-equipment/baule_nascosto_a832e21feedfead1.json,Baule Nascosto,Isolated entry: has no inbound or outbound cross-references or semantic links in the entire compendium.
entry_without_cross_reference,EQUIPAGGIAMENTO/witcher-equipment/buon_pasto_3d3cb5612735cbc1.json,Buon Pasto,Isolated entry: has no inbound or outbound cross-references or semantic links in the entire compendium.
entry_without_cross_reference,EQUIPAGGIAMENTO/witcher-equipment/camera_di_distillazione_3e6ac8889dcb2a9d.json,Camera di Distillazione,Isolated entry: has no inbound or outbound cross-references or semantic links in the entire compendium.
entry_without_cross_reference,EQUIPAGGIAMENTO/witcher-equipment/carne_cruda_b193ed0c276adc71.json,Carne Cruda,Isolated entry: has no inbound or outbound cross-references or semantic links in the entire compendium.
entry_without_cross_reference,EQUIPAGGIAMENTO/witcher-equipment/cesta_3809d2319b3a4e45.json,Cesta,Isolated entry: has no inbound or outbound cross-references or semantic links in the entire compendium.
entry_without_cross_reference,EQUIPAGGIAMENTO/witcher-equipment/cinghie_da_carico_61c3733ac9eb332d.json,Cinghie da Carico,Isolated entry: has no inbound or outbound cross-references or semantic links in the entire compendium.
entry_without_cross_reference,EQUIPAGGIAMENTO/witcher-equipment/compartimento_segreto_7f4ce47e20b440aa.json,Compartimento Segreto,Isolated entry: has no inbound or outbound cross-references or semantic links in the entire compendium.
entry_without_cross_reference,EQUIPAGGIAMENTO/witcher-equipment/coppia_di_puntelli_39d78141a5ce2eba.json,Coppia di Puntelli,Isolated entry: has no inbound or outbound cross-references or semantic links in the entire compendium.
entry_without_cross_reference,EQUIPAGGIAMENTO/witcher-equipment/corno_da_segnalazione_0c618d4cb56a898a.json,Corno da Segnalazione,Isolated entry: has no inbound or outbound cross-references or semantic links in the entire compendium.
entry_without_cross_reference,EQUIPAGGIAMENTO/witcher-equipment/cote_nanica_8280185b7297a766.json,Cote Nanica,Isolated entry: has no inbound or outbound cross-references or semantic links in the entire compendium.
entry_without_cross_reference,EQUIPAGGIAMENTO/witcher-equipment/diario_libro_mastro_b59de88fc253d2b4.json,Diario / Libro Mastro,Isolated entry: has no inbound or outbound cross-references or semantic links in the entire compendium.
entry_without_cross_reference,EQUIPAGGIAMENTO/witcher-equipment/dolciumi_554962849e194aef.json,Dolciumi,Isolated entry: has no inbound or outbound cross-references or semantic links in the entire compendium.
entry_without_cross_reference,EQUIPAGGIAMENTO/witcher-equipment/fischietto_da_segnalazione_9e8b761951508914.json,Fischietto da Segnalazione,Isolated entry: has no inbound or outbound cross-references or semantic links in the entire compendium.
entry_without_cross_reference,EQUIPAGGIAMENTO/witcher-equipment/formula_magica_esperto_dec2d46cbdd5ed45.json,Formula Magica (Esperto),Isolated entry: has no inbound or outbound cross-references or semantic links in the entire compendium.
entry_without_cross_reference,EQUIPAGGIAMENTO/witcher-equipment/formula_magica_maestro_470818480d8243ee.json,Formula Magica (Maestro),Isolated entry: has no inbound or outbound cross-references or semantic links in the entire compendium.
entry_without_cross_reference,EQUIPAGGIAMENTO/witcher-equipment/formula_magica_novizio_292a1898c199f26a.json,Formula Magica (Novizio),Isolated entry: has no inbound or outbound cross-references or semantic links in the entire compendium.
entry_without_cross_reference,EQUIPAGGIAMENTO/witcher-equipment/forziere_di_legno_e2a64d611ed035b7.json,Forziere di Legno,Isolated entry: has no inbound or outbound cross-references or semantic links in the entire compendium.
entry_without_cross_reference,EQUIPAGGIAMENTO/witcher-equipment/galoppino_5cb644ff346d42ab.json,Galoppino,Isolated entry: has no inbound or outbound cross-references or semantic links in the entire compendium.
entry_without_cross_reference,EQUIPAGGIAMENTO/witcher-equipment/guida_del_raccoglitore_5ddc695a439bd829.json,Guida del Raccoglitore,Isolated entry: has no inbound or outbound cross-references or semantic links in the entire compendium.
entry_without_cross_reference,EQUIPAGGIAMENTO/witcher-equipment/incensiere_medico_9605c6aaebfa54e8.json,Incensiere Medico,Isolated entry: has no inbound or outbound cross-references or semantic links in the entire compendium.
entry_without_cross_reference,EQUIPAGGIAMENTO/witcher-equipment/incerata_15194ac65ebc4309.json,Incerata,Isolated entry: has no inbound or outbound cross-references or semantic links in the entire compendium.
entry_without_cross_reference,EQUIPAGGIAMENTO/witcher-equipment/kit_da_falsario_f514d65de60a299e.json,Kit da Falsario,Isolated entry: has no inbound or outbound cross-references or semantic links in the entire compendium.
entry_without_cross_reference,EQUIPAGGIAMENTO/witcher-equipment/lanterna_schermata_a6555b826b91bdc7.json,Lanterna Schermata,Isolated entry: has no inbound or outbound cross-references or semantic links in the entire compendium.
entry_without_cross_reference,EQUIPAGGIAMENTO/witcher-equipment/lanterne_da_carro_90846e53e0379196.json,Lanterne da Carro,Isolated entry: has no inbound or outbound cross-references or semantic links in the entire compendium.
entry_without_cross_reference,EQUIPAGGIAMENTO/witcher-equipment/lavanderia_90536d53a756471d.json,Lavanderia,Isolated entry: has no inbound or outbound cross-references or semantic links in the entire compendium.
entry_without_cross_reference,EQUIPAGGIAMENTO/witcher-equipment/mantello_mimetico_861d6c1695f4dba3.json,Mantello Mimetico,Isolated entry: has no inbound or outbound cross-references or semantic links in the entire compendium.
entry_without_cross_reference,EQUIPAGGIAMENTO/witcher-equipment/messaggero_a93f7606b2a742c6.json,Messaggero,Isolated entry: has no inbound or outbound cross-references or semantic links in the entire compendium.
entry_without_cross_reference,EQUIPAGGIAMENTO/witcher-equipment/otre_2e6ebf676b4ff447.json,Otre,Isolated entry: has no inbound or outbound cross-references or semantic links in the entire compendium.
entry_without_cross_reference,EQUIPAGGIAMENTO/witcher-equipment/pedaggio_di_accesso_6decda85e94594ed.json,Pedaggio di Accesso,Isolated entry: has no inbound or outbound cross-references or semantic links in the entire compendium.
entry_without_cross_reference,EQUIPAGGIAMENTO/witcher-equipment/pietra_allarme_pietra_del_potere_b5a6c68e3b740061.json,Pietra Allarme (Pietra del Potere),Isolated entry: has no inbound or outbound cross-references or semantic links in the entire compendium.
entry_without_cross_reference,EQUIPAGGIAMENTO/witcher-equipment/prostituta_f00be6bd9788f9b9.json,Prostituta,Isolated entry: has no inbound or outbound cross-references or semantic links in the entire compendium.
entry_without_cross_reference,EQUIPAGGIAMENTO/witcher-equipment/protesi_base_0b709752cee02d09.json,Protesi Base,Isolated entry: has no inbound or outbound cross-references or semantic links in the entire compendium.
entry_without_cross_reference,EQUIPAGGIAMENTO/witcher-equipment/protesi_da_witcher_9a9e7d71ce65b06f.json,Protesi da Witcher,Isolated entry: has no inbound or outbound cross-references or semantic links in the entire compendium.
entry_without_cross_reference,EQUIPAGGIAMENTO/witcher-equipment/protesi_magica_bc8ac7c314fe7f1c.json,Protesi Magica,Isolated entry: has no inbound or outbound cross-references or semantic links in the entire compendium.
entry_without_cross_reference,EQUIPAGGIAMENTO/witcher-equipment/razioni_da_viaggio_1_giorno_8c1fc4ca62f8d45e.json,Razioni da Viaggio (1 giorno),Isolated entry: has no inbound or outbound cross-references or semantic links in the entire compendium.
entry_without_cross_reference,EQUIPAGGIAMENTO/witcher-equipment/scrigno_di_legno_edb3a5939fc8691c.json,Scrigno di Legno,Isolated entry: has no inbound or outbound cross-references or semantic links in the entire compendium.
entry_without_cross_reference,EQUIPAGGIAMENTO/witcher-equipment/serratura_con_trappola_6a43c8cfadbad0eb.json,Serratura con Trappola,Isolated entry: has no inbound or outbound cross-references or semantic links in the entire compendium.
entry_without_cross_reference,EQUIPAGGIAMENTO/witcher-equipment/stanza_in_locanda_di_qualita_82cb6f3fb5cdec93.json,Stanza in Locanda di Qualità,Isolated entry: has no inbound or outbound cross-references or semantic links in the entire compendium.
entry_without_cross_reference,EQUIPAGGIAMENTO/witcher-equipment/strumento_musicale_elfico_ed012abf1f6bd68c.json,Strumento Musicale Elfico,Isolated entry: has no inbound or outbound cross-references or semantic links in the entire compendium.
entry_without_cross_reference,EQUIPAGGIAMENTO/witcher-equipment/taglia_monete_f559fde75a4ea17c.json,Taglia-monete,Isolated entry: has no inbound or outbound cross-references or semantic links in the entire compendium.
entry_without_cross_reference,EQUIPAGGIAMENTO/witcher-equipment/tavolo_strategico_portatile_f23e1fe1f390ea99.json,Tavolo Strategico Portatile,Isolated entry: has no inbound or outbound cross-references or semantic links in the entire compendium.
entry_without_cross_reference,EQUIPAGGIAMENTO/witcher-equipment/traversata_per_mare_7492f6cc710a5fd0.json,Traversata per Mare,Isolated entry: has no inbound or outbound cross-references or semantic links in the entire compendium.
entry_without_cross_reference,EQUIPAGGIAMENTO/witcher-equipment/utensili_da_armaiolo_99a13b69ce308173.json,Utensili da Armaiolo,Isolated entry: has no inbound or outbound cross-references or semantic links in the entire compendium.
entry_without_cross_reference,EQUIPAGGIAMENTO/witcher-equipment/utensili_da_cucina_f6fb2ac7dd7afac0.json,Utensili da Cucina,Isolated entry: has no inbound or outbound cross-references or semantic links in the entire compendium.
entry_without_cross_reference,EQUIPAGGIAMENTO/witcher-transports/barca_a_vela_ddc6e01ba5218463.json,Barca a Vela,Isolated entry: has no inbound or outbound cross-references or semantic links in the entire compendium.
entry_without_cross_reference,EQUIPAGGIAMENTO/witcher-transports/bardatura_di_maglia_di_ferro_3e9f20c8a114a12d.json,Bardatura di Maglia di Ferro,Isolated entry: has no inbound or outbound cross-references or semantic links in the entire compendium.
entry_without_cross_reference,EQUIPAGGIAMENTO/witcher-transports/bue_9b617ae1c204253b.json,Bue,Isolated entry: has no inbound or outbound cross-references or semantic links in the entire compendium.
entry_without_cross_reference,EQUIPAGGIAMENTO/witcher-transports/carro_da_guerra_610f3d4c792147d1.json,Carro da Guerra,Isolated entry: has no inbound or outbound cross-references or semantic links in the entire compendium.
entry_without_cross_reference,EQUIPAGGIAMENTO/witcher-transports/cutter_barca_8a0762370e4fa73f.json,Cutter (barca),Isolated entry: has no inbound or outbound cross-references or semantic links in the entire compendium.
entry_without_cross_reference,EQUIPAGGIAMENTO/witcher-transports/mulo_a2528405116aa117.json,Mulo,Isolated entry: has no inbound or outbound cross-references or semantic links in the entire compendium.
entry_without_cross_reference,EQUIPAGGIAMENTO/witcher-transports/nave_a_vela_44e2a65000502ab3.json,Nave a Vela,Isolated entry: has no inbound or outbound cross-references or semantic links in the entire compendium.
entry_without_cross_reference,EQUIPAGGIAMENTO/witcher-transports/ruote_di_scorta_896f7103ebc2fc8e.json,Ruote di Scorta,Isolated entry: has no inbound or outbound cross-references or semantic links in the entire compendium.
entry_without_cross_reference,EQUIPAGGIAMENTO/witcher-transports/schema_sedia_a_rotelle_base_8f51534120b94d11.json,Schema Sedia a Rotelle Base,Isolated entry: has no inbound or outbound cross-references or semantic links in the entire compendium.
entry_without_cross_reference,EQUIPAGGIAMENTO/witcher-transports/schema_sedia_a_rotelle_di_qualita_1486d3ed19571314.json,Schema Sedia a Rotelle di Qualità,Isolated entry: has no inbound or outbound cross-references or semantic links in the entire compendium.
entry_without_cross_reference,EQUIPAGGIAMENTO/witcher-weapons/arco_lunare_7a8b9c0d1e2f3a4b.json,Arco Lunare,Isolated entry: has no inbound or outbound cross-references or semantic links in the entire compendium.
entry_without_cross_reference,EQUIPAGGIAMENTO/witcher-weapons/ascia_da_lancio_e0693361f0404e5f.json,Ascia da Lancio,Isolated entry: has no inbound or outbound cross-references or semantic links in the entire compendium.
entry_without_cross_reference,EQUIPAGGIAMENTO/witcher-weapons/asta_0080c39f6ba83088.json,Asta,Isolated entry: has no inbound or outbound cross-references or semantic links in the entire compendium.
entry_without_cross_reference,EQUIPAGGIAMENTO/witcher-weapons/badile_00df31f62afb18c8.json,Badile,Isolated entry: has no inbound or outbound cross-references or semantic links in the entire compendium.
entry_without_cross_reference,EQUIPAGGIAMENTO/witcher-weapons/balestra_dell_orso_006d87c91fc31f98.json,Balestra dell'Orso,Isolated entry: has no inbound or outbound cross-references or semantic links in the entire compendium.
entry_without_cross_reference,EQUIPAGGIAMENTO/witcher-weapons/bordone_da_pastore_000bdf3500204ce6.json,Bordone da Pastore,Isolated entry: has no inbound or outbound cross-references or semantic links in the entire compendium.
entry_without_cross_reference,EQUIPAGGIAMENTO/witcher-weapons/caroline_c2d3e4f5a6b7c8d9.json,Caroline,Isolated entry: has no inbound or outbound cross-references or semantic links in the entire compendium.
entry_without_cross_reference,EQUIPAGGIAMENTO/witcher-weapons/custodia_per_arco_00cf2898878221ef.json,Custodia per Arco,Isolated entry: has no inbound or outbound cross-references or semantic links in the entire compendium.
entry_without_cross_reference,EQUIPAGGIAMENTO/witcher-weapons/falcetto_00b99fe70e32c1b8.json,Falcetto,Isolated entry: has no inbound or outbound cross-references or semantic links in the entire compendium.
entry_without_cross_reference,EQUIPAGGIAMENTO/witcher-weapons/forcone_0005aa95b9b3999c.json,Forcone,Isolated entry: has no inbound or outbound cross-references or semantic links in the entire compendium.
entry_without_cross_reference,EQUIPAGGIAMENTO/witcher-weapons/lupo_spada_lunga_reliquia_570e1ae2633117e4.json,Lupo (Spada Lunga Reliquia),Isolated entry: has no inbound or outbound cross-references or semantic links in the entire compendium.
entry_without_cross_reference,EQUIPAGGIAMENTO/witcher-weapons/munizioni_da_impatto_naniche_e0a1b2c3d4e5f609.json,Munizioni Da Impatto Naniche,Isolated entry: has no inbound or outbound cross-references or semantic links in the entire compendium.
entry_without_cross_reference,EQUIPAGGIAMENTO/witcher-weapons/munizioni_esplosive_e0a1b2c3d4e5f607.json,Munizioni Esplosive,Isolated entry: has no inbound or outbound cross-references or semantic links in the entire compendium.
entry_without_cross_reference,EQUIPAGGIAMENTO/witcher-weapons/munizioni_multiple_e0a1b2c3d4e5f605.json,Munizioni Multiple,Isolated entry: has no inbound or outbound cross-references or semantic links in the entire compendium.
entry_without_cross_reference,EQUIPAGGIAMENTO/witcher-weapons/munizioni_punta_larga_e0a1b2c3d4e5f603.json,Munizioni Punta Larga,Isolated entry: has no inbound or outbound cross-references or semantic links in the entire compendium.
entry_without_cross_reference,EQUIPAGGIAMENTO/witcher-weapons/munizioni_traccianti_e0a1b2c3d4e5f606.json,Munizioni Traccianti,Isolated entry: has no inbound or outbound cross-references or semantic links in the entire compendium.
entry_without_cross_reference,EQUIPAGGIAMENTO/witcher-weapons/pala_0009c778f870b921.json,Pala,Isolated entry: has no inbound or outbound cross-references or semantic links in the entire compendium.
entry_without_cross_reference,EQUIPAGGIAMENTO/witcher-weapons/rete_con_pesi_00087b72ccc85dd4.json,Rete con Pesi,Isolated entry: has no inbound or outbound cross-references or semantic links in the entire compendium.
entry_without_cross_reference,EQUIPAGGIAMENTO/witcher-weapons/rete_per_mostri_00d1518fdb648a28.json,Rete per Mostri,Isolated entry: has no inbound or outbound cross-references or semantic links in the entire compendium.
entry_without_cross_reference,EQUIPAGGIAMENTO/witcher-weapons/scorpione_00056b29e0b098b1.json,Scorpione,Isolated entry: has no inbound or outbound cross-references or semantic links in the entire compendium.
entry_without_cross_reference,EQUIPAGGIAMENTO/witcher-weapons/scuola_della_lumaca_argento_0004a8f80211769c.json,Scuola della Lumaca (Argento),Isolated entry: has no inbound or outbound cross-references or semantic links in the entire compendium.
entry_without_cross_reference,EQUIPAGGIAMENTO/witcher-weapons/sentinella_dell_abisso_f1a2b3c4d5e6f7a8.json,Sentinella dell'Abisso,Isolated entry: has no inbound or outbound cross-references or semantic links in the entire compendium.
entry_without_cross_reference,EQUIPAGGIAMENTO/witcher-weapons/spada_d_acciaio_della_manticora_00c8757ce11b1778.json,Spada d'Acciaio della Manticora,Isolated entry: has no inbound or outbound cross-references or semantic links in the entire compendium.
entry_without_cross_reference,EQUIPAGGIAMENTO/witcher-weapons/spada_d_acciaio_dell_orso_000d890e417f601d.json,Spada d'Acciaio dell'Orso,Isolated entry: has no inbound or outbound cross-references or semantic links in the entire compendium.
entry_without_cross_reference,EQUIPAGGIAMENTO/witcher-weapons/spezzalama_000a6572b49a716c.json,Spezzalama,Isolated entry: has no inbound or outbound cross-references or semantic links in the entire compendium.
entry_without_cross_reference,EQUIPAGGIAMENTO/witcher-weapons/zanna_della_vipera_00091b914a4c2757.json,Zanna della Vipera,Isolated entry: has no inbound or outbound cross-references or semantic links in the entire compendium.
entry_without_cross_reference,MAGIA_E_MALEDIZIONI/Doni_del_Caos/aerocinesi_995c5833bac01ffa.json,Aerocinesi,Isolated entry: has no inbound or outbound cross-references or semantic links in the entire compendium.
entry_without_cross_reference,MAGIA_E_MALEDIZIONI/Doni_del_Caos/calmare_animali_e7b1dd8e80a182cb.json,Calmare Animali,Isolated entry: has no inbound or outbound cross-references or semantic links in the entire compendium.
entry_without_cross_reference,MAGIA_E_MALEDIZIONI/Doni_del_Caos/criocinesi_a85157a813714c79.json,Criocinesi,Isolated entry: has no inbound or outbound cross-references or semantic links in the entire compendium.
entry_without_cross_reference,MAGIA_E_MALEDIZIONI/Doni_del_Caos/migliorare_arma_6f8284250c334c11.json,Migliorare Arma,Isolated entry: has no inbound or outbound cross-references or semantic links in the entire compendium.
entry_without_cross_reference,MAGIA_E_MALEDIZIONI/Doni_del_Caos/percepire_veleno_fb3658dd44454676.json,Percepire Veleno,Isolated entry: has no inbound or outbound cross-references or semantic links in the entire compendium.
entry_without_cross_reference,MAGIA_E_MALEDIZIONI/Doni_del_Caos/piedi_rapidi_631732f03b810a2d.json,Piedi Rapidi,Isolated entry: has no inbound or outbound cross-references or semantic links in the entire compendium.
entry_without_cross_reference,MAGIA_E_MALEDIZIONI/Doni_del_Caos/pigmento_2a7dd2599471545c.json,Pigmento,Isolated entry: has no inbound or outbound cross-references or semantic links in the entire compendium.
entry_without_cross_reference,MAGIA_E_MALEDIZIONI/Doni_del_Caos/pirocinesi_9293cbd4ddb5e227.json,Pirocinesi,Isolated entry: has no inbound or outbound cross-references or semantic links in the entire compendium.
entry_without_cross_reference,MAGIA_E_MALEDIZIONI/Doni_del_Caos/pollice_verde_db5f4d52cc1aa355.json,Pollice Verde,Isolated entry: has no inbound or outbound cross-references or semantic links in the entire compendium.
entry_without_cross_reference,MAGIA_E_MALEDIZIONI/Doni_del_Caos/vedere_aura_ec5e697b311ca381.json,Vedere Aura,Isolated entry: has no inbound or outbound cross-references or semantic links in the entire compendium.
entry_without_cross_reference,MAGIA_E_MALEDIZIONI/Doni_del_Caos/cospirazione_della_madre_6fa6022c7ef04255.json,Cospirazione della Madre,Isolated entry: has no inbound or outbound cross-references or semantic links in the entire compendium.
entry_without_cross_reference,MAGIA_E_MALEDIZIONI/Doni_del_Caos/luce_argentea_294d2f7d77a5399e.json,Luce Argentea,Isolated entry: has no inbound or outbound cross-references or semantic links in the entire compendium.
entry_without_cross_reference,MAGIA_E_MALEDIZIONI/Doni_del_Caos/miracolo_di_lebioda_e0891f52a120f1d6.json,Miracolo di Lebioda,Isolated entry: has no inbound or outbound cross-references or semantic links in the entire compendium.
entry_without_cross_reference,MAGIA_E_MALEDIZIONI/Doni_del_Caos/ombra_di_bleobheris_db8792a0cf9f7a62.json,Ombra di Bleobheris,Isolated entry: has no inbound or outbound cross-references or semantic links in the entire compendium.
entry_without_cross_reference,MAGIA_E_MALEDIZIONI/Incantesimi_e_Rituali/creare_luogo_di_potere_d12a8d75cc4c4de4.json,Creare Luogo di Potere,Isolated entry: has no inbound or outbound cross-references or semantic links in the entire compendium.
entry_without_cross_reference,MAGIA_E_MALEDIZIONI/Incantesimi_e_Rituali/faro_dell_innaturale_63674c6182df4da2.json,Faro dell'Innaturale,Isolated entry: has no inbound or outbound cross-references or semantic links in the entire compendium.
entry_without_cross_reference,MAGIA_E_MALEDIZIONI/Incantesimi_e_Rituali/incantare_amuleto_e3bad33bb8d44ce7.json,Incantare Amuleto,Isolated entry: has no inbound or outbound cross-references or semantic links in the entire compendium.
entry_without_cross_reference,MAGIA_E_MALEDIZIONI/Incantesimi_e_Rituali/seduta_spiritica_66b53304ae614932.json,Seduta Spiritica,Isolated entry: has no inbound or outbound cross-references or semantic links in the entire compendium.
entry_without_cross_reference,MAGIA_E_MALEDIZIONI/Incantesimi_e_Rituali/vaso_d_incantesimi_6ceef369efb84351.json,Vaso d'Incantesimi,Isolated entry: has no inbound or outbound cross-references or semantic links in the entire compendium.
entry_without_cross_reference,MAGIA_E_MALEDIZIONI/Incantesimi_e_Rituali/chernobog_473e058105d580c6.json,Chernobog,Isolated entry: has no inbound or outbound cross-references or semantic links in the entire compendium.
entry_without_cross_reference,MAGIA_E_MALEDIZIONI/Incantesimi_e_Rituali/dazhbog_9d99c60581f09e9d.json,Dazhbog,Isolated entry: has no inbound or outbound cross-references or semantic links in the entire compendium.
entry_without_cross_reference,MAGIA_E_MALEDIZIONI/Incantesimi_e_Rituali/devana_84d6600ffe12ec6a.json,Devana,Isolated entry: has no inbound or outbound cross-references or semantic links in the entire compendium.
entry_without_cross_reference,MAGIA_E_MALEDIZIONI/Incantesimi_e_Rituali/glifo_della_terra_3666219674b81b0e.json,Glifo della Terra,Isolated entry: has no inbound or outbound cross-references or semantic links in the entire compendium.
entry_without_cross_reference,MAGIA_E_MALEDIZIONI/Incantesimi_e_Rituali/glifo_dell_acqua_50f25aafdfd4f85d.json,Glifo dell'Acqua,Isolated entry: has no inbound or outbound cross-references or semantic links in the entire compendium.
entry_without_cross_reference,MAGIA_E_MALEDIZIONI/Incantesimi_e_Rituali/glifo_dell_aria_0734f78558e6e553.json,Glifo dell'Aria,Isolated entry: has no inbound or outbound cross-references or semantic links in the entire compendium.
entry_without_cross_reference,MAGIA_E_MALEDIZIONI/Incantesimi_e_Rituali/glifo_del_fuoco_c0cf70a762ffe38f.json,Glifo del Fuoco,Isolated entry: has no inbound or outbound cross-references or semantic links in the entire compendium.
entry_without_cross_reference,MAGIA_E_MALEDIZIONI/Incantesimi_e_Rituali/glifo_di_magia_9d24fcb36cc2c3a0.json,Glifo di Magia,Isolated entry: has no inbound or outbound cross-references or semantic links in the entire compendium.
entry_without_cross_reference,MAGIA_E_MALEDIZIONI/Incantesimi_e_Rituali/morana_6f1799979e9cbf7b.json,Morana,Isolated entry: has no inbound or outbound cross-references or semantic links in the entire compendium.
entry_without_cross_reference,MAGIA_E_MALEDIZIONI/Incantesimi_e_Rituali/perun_89ff458911c59973.json,Perun,Isolated entry: has no inbound or outbound cross-references or semantic links in the entire compendium.
entry_without_cross_reference,MAGIA_E_MALEDIZIONI/Incantesimi_e_Rituali/stribog_2c794e88a5e114c1.json,Stribog,Isolated entry: has no inbound or outbound cross-references or semantic links in the entire compendium.
entry_without_cross_reference,MAGIA_E_MALEDIZIONI/Incantesimi_e_Rituali/svarog_d649e85510cfbdb8.json,Svarog,Isolated entry: has no inbound or outbound cross-references or semantic links in the entire compendium.
entry_without_cross_reference,MAGIA_E_MALEDIZIONI/Incantesimi_e_Rituali/veles_1afe55a9f732288c.json,Veles,Isolated entry: has no inbound or outbound cross-references or semantic links in the entire compendium.
entry_without_cross_reference,MAGIA_E_MALEDIZIONI/Incantesimi_e_Rituali/zoria_905e88dfef1ef2dd.json,Zoria,Isolated entry: has no inbound or outbound cross-references or semantic links in the entire compendium.
entry_without_cross_reference,MAGIA_E_MALEDIZIONI/Incantesimi_e_Rituali/Acquazzone_402d36bee857486c.json,Acquazzone,Isolated entry: has no inbound or outbound cross-references or semantic links in the entire compendium.
entry_without_cross_reference,MAGIA_E_MALEDIZIONI/Incantesimi_e_Rituali/Adenydd_5750cd6d5a9640c6.json,Adenydd,Isolated entry: has no inbound or outbound cross-references or semantic links in the entire compendium.
entry_without_cross_reference,MAGIA_E_MALEDIZIONI/Incantesimi_e_Rituali/aine_verseos_1e50b5373f534d66.json,Aine Verseos,Isolated entry: has no inbound or outbound cross-references or semantic links in the entire compendium.
entry_without_cross_reference,MAGIA_E_MALEDIZIONI/Incantesimi_e_Rituali/Alzare_le_Fiamme_6cc19cb05ee34cd7.json,Alzare le Fiamme,Isolated entry: has no inbound or outbound cross-references or semantic links in the entire compendium.
entry_without_cross_reference,MAGIA_E_MALEDIZIONI/Incantesimi_e_Rituali/Anialwch_599c536b937548ba.json,Anialwch,Isolated entry: has no inbound or outbound cross-references or semantic links in the entire compendium.
entry_without_cross_reference,MAGIA_E_MALEDIZIONI/Incantesimi_e_Rituali/cryfhau_95a1b0b5c73845d6.json,Cryfhau,Isolated entry: has no inbound or outbound cross-references or semantic links in the entire compendium.
entry_without_cross_reference,MAGIA_E_MALEDIZIONI/Incantesimi_e_Rituali/Dividere_le_Acque_010dc43d08144862.json,Dividere le Acque,Isolated entry: has no inbound or outbound cross-references or semantic links in the entire compendium.
entry_without_cross_reference,MAGIA_E_MALEDIZIONI/Incantesimi_e_Rituali/Effetto_Specchio_4be005ca974d403e.json,Effetto Specchio,Isolated entry: has no inbound or outbound cross-references or semantic links in the entire compendium.
entry_without_cross_reference,MAGIA_E_MALEDIZIONI/Incantesimi_e_Rituali/fiamma_innocua_ada0e219276940dd.json,Fiamma Innocua,Isolated entry: has no inbound or outbound cross-references or semantic links in the entire compendium.
entry_without_cross_reference,MAGIA_E_MALEDIZIONI/Incantesimi_e_Rituali/guarigione_magica_2cbb2027b41a400d.json,Guarigione Magica,Isolated entry: has no inbound or outbound cross-references or semantic links in the entire compendium.
entry_without_cross_reference,MAGIA_E_MALEDIZIONI/Incantesimi_e_Rituali/Incantesimo_Diagnostico_4375d03295e24907.json,Incantesimo Diagnostico,Isolated entry: has no inbound or outbound cross-references or semantic links in the entire compendium.
entry_without_cross_reference,MAGIA_E_MALEDIZIONI/Incantesimi_e_Rituali/lampo_magico_662f8dd782ac45df.json,Lampo Magico,Isolated entry: has no inbound or outbound cross-references or semantic links in the entire compendium.
entry_without_cross_reference,MAGIA_E_MALEDIZIONI/Incantesimi_e_Rituali/ondate_della_naglfar_a2261d5af20b421a.json,Ondate della Naglfar,Isolated entry: has no inbound or outbound cross-references or semantic links in the entire compendium.
entry_without_cross_reference,MAGIA_E_MALEDIZIONI/Incantesimi_e_Rituali/piedi_leggeri_80cedc989a3e4ac6.json,Piedi Leggeri,Isolated entry: has no inbound or outbound cross-references or semantic links in the entire compendium.
entry_without_cross_reference,MAGIA_E_MALEDIZIONI/Incantesimi_e_Rituali/piena_di_ys_022b4bd365044f9f.json,Piena di Ys,Isolated entry: has no inbound or outbound cross-references or semantic links in the entire compendium.
entry_without_cross_reference,MAGIA_E_MALEDIZIONI/Incantesimi_e_Rituali/pilastro_di_terra_8a64e429bdeb4521.json,Pilastro di Terra,Isolated entry: has no inbound or outbound cross-references or semantic links in the entire compendium.
entry_without_cross_reference,MAGIA_E_MALEDIZIONI/Incantesimi_e_Rituali/porta_di_cenere_f829e6505e604b6c.json,Porta di Cenere,Isolated entry: has no inbound or outbound cross-references or semantic links in the entire compendium.
entry_without_cross_reference,MAGIA_E_MALEDIZIONI/Incantesimi_e_Rituali/respiro_di_aurora_a8a354fda9484b90.json,Respiro di Aurora,Isolated entry: has no inbound or outbound cross-references or semantic links in the entire compendium.
entry_without_cross_reference,MAGIA_E_MALEDIZIONI/Incantesimi_e_Rituali/soffio_di_korath_9021932acfa045c1.json,Soffio di Korath,Isolated entry: has no inbound or outbound cross-references or semantic links in the entire compendium.
entry_without_cross_reference,MAGIA_E_MALEDIZIONI/Incantesimi_e_Rituali/specchio_oscuro_di_bekker_e38fb0797d824712.json,Specchio Oscuro di Bekker,Isolated entry: has no inbound or outbound cross-references or semantic links in the entire compendium.
entry_without_cross_reference,MAGIA_E_MALEDIZIONI/Incantesimi_e_Rituali/velo_di_fuoco_90a1026236d14e96.json,Velo di Fuoco,Isolated entry: has no inbound or outbound cross-references or semantic links in the entire compendium.
entry_without_cross_reference,MAGIA_E_MALEDIZIONI/Incantesimi_e_Rituali/velo_di_polvere_b51a5c4b3b5f4210.json,Velo di Polvere,Isolated entry: has no inbound or outbound cross-references or semantic links in the entire compendium.
entry_without_cross_reference,MAGIA_E_MALEDIZIONI/Maledizioni_e_Fatture/maledizione_della_pestilenza_f70f32b49609f8ce.json,Maledizione della Pestilenza,Isolated entry: has no inbound or outbound cross-references or semantic links in the entire compendium.
entry_without_cross_reference,MAGIA_E_MALEDIZIONI/Maledizioni_e_Fatture/maledizione_del_vagabondo_b6278100baee6dfc.json,Maledizione del Vagabondo,Isolated entry: has no inbound or outbound cross-references or semantic links in the entire compendium.
entry_without_cross_reference,MAGIA_E_MALEDIZIONI/Maledizioni_e_Fatture/bisogno_insaziabile_690b79154deccbf9.json,Bisogno Insaziabile,Isolated entry: has no inbound or outbound cross-references or semantic links in the entire compendium.
entry_without_cross_reference,MAGIA_E_MALEDIZIONI/Maledizioni_e_Fatture/la_fattura_della_bestia_179fcc56053e458e.json,La Fattura della Bestia,Isolated entry: has no inbound or outbound cross-references or semantic links in the entire compendium.
entry_without_cross_reference,MAGIA_E_MALEDIZIONI/Maledizioni_e_Fatture/la_fortuna_del_diavolo_10f5bb435e1543ac.json,La Fortuna del Diavolo,Isolated entry: has no inbound or outbound cross-references or semantic links in the entire compendium.
entry_without_cross_reference,MAGIA_E_MALEDIZIONI/Maledizioni_e_Fatture/maledizione_della_temperanza_abc6dfbc44f1f138.json,Maledizione della Temperanza,Isolated entry: has no inbound or outbound cross-references or semantic links in the entire compendium.
entry_without_cross_reference,MAGIA_E_MALEDIZIONI/Necromanzia/incantesimo_necromante_restaurare_cadavere_5d3ff6e580255e2b.json,Incantesimo Necromante: Restaurare Cadavere,Isolated entry: has no inbound or outbound cross-references or semantic links in the entire compendium.
entry_without_cross_reference,MAGIA_E_MALEDIZIONI/Segni/scudo_attivo_0b7c0404e84dc3e7.json,Scudo Attivo,Isolated entry: has no inbound or outbound cross-references or semantic links in the entire compendium.
entry_without_cross_reference,MAGIA_E_MALEDIZIONI/Segni/spazzata_aard_21d00910b05b6578.json,Spazzata Aard,Isolated entry: has no inbound or outbound cross-references or semantic links in the entire compendium.
entry_without_cross_reference,REGOLAMENTO_E_NARRATIVA/Ferite_Critiche/braccio_fratturato_c43d40283cadfc58.json,Braccio Fratturato,Isolated entry: has no inbound or outbound cross-references or semantic links in the entire compendium.
entry_without_cross_reference,REGOLAMENTO_E_NARRATIVA/Ferite_Critiche/danni_cardiaci_84a62a32b81c1bf7.json,Danni Cardiaci,Isolated entry: has no inbound or outbound cross-references or semantic links in the entire compendium.
entry_without_cross_reference,REGOLAMENTO_E_NARRATIVA/Ferite_Critiche/decapitazione_48213ccc67a7dff4.json,Decapitazione,Isolated entry: has no inbound or outbound cross-references or semantic links in the entire compendium.
entry_without_cross_reference,REGOLAMENTO_E_NARRATIVA/Ferite_Critiche/milza_lesionata_1dba2b6dcf9b9e19.json,Milza Lesionata,Isolated entry: has no inbound or outbound cross-references or semantic links in the entire compendium.
entry_without_cross_reference,REGOLAMENTO_E_NARRATIVA/Ferite_Critiche/shock_settico_e7ea9dfa3a6292a0.json,Shock Settico,Isolated entry: has no inbound or outbound cross-references or semantic links in the entire compendium.
entry_without_cross_reference,REGOLAMENTO_E_NARRATIVA/Ferite_Critiche/spina_dorsale_spezzata_360dba105834c152.json,Spina Dorsale Spezzata,Isolated entry: has no inbound or outbound cross-references or semantic links in the entire compendium.
entry_without_cross_reference,REGOLAMENTO_E_NARRATIVA/Geografia/ofier_c1d2e3f4a5b67890.json,Ofier,Isolated entry: has no inbound or outbound cross-references or semantic links in the entire compendium.
entry_without_cross_reference,REGOLAMENTO_E_NARRATIVA/Investigazioni/indizio_analisi_mistica_fb6942739a142b62.json,Indizio: Analisi Mistica,Isolated entry: has no inbound or outbound cross-references or semantic links in the entire compendium.
entry_without_cross_reference,REGOLAMENTO_E_NARRATIVA/Investigazioni/indizio_interrogatorio_b067fc056aba735e.json,Indizio: Interrogatorio,Isolated entry: has no inbound or outbound cross-references or semantic links in the entire compendium.
entry_without_cross_reference,REGOLAMENTO_E_NARRATIVA/Investigazioni/indizio_pedinare_98fe71e7c73150cd.json,Indizio: Pedinare,Isolated entry: has no inbound or outbound cross-references or semantic links in the entire compendium.
entry_without_cross_reference,REGOLAMENTO_E_NARRATIVA/Investigazioni/indizio_seguire_il_denaro_92174a85f82a1b87.json,Indizio: Seguire il denaro,Isolated entry: has no inbound or outbound cross-references or semantic links in the entire compendium.
entry_without_cross_reference,REGOLAMENTO_E_NARRATIVA/Investigazioni/ostacolo_autorita_86d4423ceffdcace.json,Ostacolo: Autorità,Isolated entry: has no inbound or outbound cross-references or semantic links in the entire compendium.
entry_without_cross_reference,REGOLAMENTO_E_NARRATIVA/Investigazioni/ostacolo_cospirazione_b5aa1beb8e07d0e8.json,Ostacolo: Cospirazione,Isolated entry: has no inbound or outbound cross-references or semantic links in the entire compendium.
entry_without_cross_reference,REGOLAMENTO_E_NARRATIVA/Investigazioni/ostacolo_distrazione_622b492bf7824363.json,Ostacolo: Distrazione,Isolated entry: has no inbound or outbound cross-references or semantic links in the entire compendium.
entry_without_cross_reference,REGOLAMENTO_E_NARRATIVA/Investigazioni/ostacolo_esaurimento_b1d1df0dad73a35b.json,Ostacolo: Esaurimento,Isolated entry: has no inbound or outbound cross-references or semantic links in the entire compendium.
entry_without_cross_reference,REGOLAMENTO_E_NARRATIVA/Investigazioni/ostacolo_falsa_pista_341f7b12c4e07476.json,Ostacolo: Falsa Pista,Isolated entry: has no inbound or outbound cross-references or semantic links in the entire compendium.
entry_without_cross_reference,REGOLAMENTO_E_NARRATIVA/Investigazioni/ostacolo_indizio_mancante_ce029b5c84888980.json,Ostacolo: Indizio Mancante,Isolated entry: has no inbound or outbound cross-references or semantic links in the entire compendium.
entry_without_cross_reference,REGOLAMENTO_E_NARRATIVA/Investigazioni/ostacolo_passaggio_del_tempo_36d321ee48c8a391.json,Ostacolo: Passaggio del Tempo,Isolated entry: has no inbound or outbound cross-references or semantic links in the entire compendium.
entry_without_cross_reference,REGOLAMENTO_E_NARRATIVA/Investigazioni/ostacolo_pessimo_ambiente_52c3a68543a3cbf5.json,Ostacolo: Pessimo Ambiente,Isolated entry: has no inbound or outbound cross-references or semantic links in the entire compendium.
entry_without_cross_reference,REGOLAMENTO_E_NARRATIVA/Investigazioni/ostacolo_pettegolezzi_dba3a111155e7cea.json,Ostacolo: Pettegolezzi,Isolated entry: has no inbound or outbound cross-references or semantic links in the entire compendium.
entry_without_cross_reference,REGOLAMENTO_E_NARRATIVA/Investigazioni/ostacolo_situazione_poco_familiare_c4224cb7a9048f6f.json,Ostacolo: Situazione Poco Familiare,Isolated entry: has no inbound or outbound cross-references or semantic links in the entire compendium.
entry_without_cross_reference,REGOLAMENTO_E_NARRATIVA/Investigazioni/regola_indagini_complessita_mistero_1e045428b800d9b6.json,Regola Indagini: Complessità Mistero,Isolated entry: has no inbound or outbound cross-references or semantic links in the entire compendium.
entry_without_cross_reference,REGOLAMENTO_E_NARRATIVA/Investigazioni/regola_indagini_focus_133b036eed4bde87.json,Regola Indagini: Focus,Isolated entry: has no inbound or outbound cross-references or semantic links in the entire compendium.
entry_without_cross_reference,REGOLAMENTO_E_NARRATIVA/Lore_e_Racconti/peculiarita_delle_locande_ecf4e1ed4c22662c.json,Peculiarità delle Locande,Isolated entry: has no inbound or outbound cross-references or semantic links in the entire compendium.
entry_without_cross_reference,REGOLAMENTO_E_NARRATIVA/Lore_e_Racconti/tipi_di_locali_e_taverne_519dd197ce334269.json,Tipi di Locali e Taverne,Isolated entry: has no inbound or outbound cross-references or semantic links in the entire compendium.
entry_without_cross_reference,REGOLAMENTO_E_NARRATIVA/Lore_e_Racconti/la_vita_da_mago_738e4e337f02c0af.json,La Vita da Mago,Isolated entry: has no inbound or outbound cross-references or semantic links in the entire compendium.
entry_without_cross_reference,REGOLAMENTO_E_NARRATIVA/Lore_e_Racconti/lore_linee_geomantiche_elemento_aria_8ce2e2491e3e4854.json,Lore: Linee Geomantiche — Elemento Aria,Isolated entry: has no inbound or outbound cross-references or semantic links in the entire compendium.
entry_without_cross_reference,REGOLAMENTO_E_NARRATIVA/Lore_e_Racconti/lore_linee_geomantiche_elemento_fuoco_8134c5e015861d67.json,Lore: Linee Geomantiche — Elemento Fuoco,Isolated entry: has no inbound or outbound cross-references or semantic links in the entire compendium.
entry_without_cross_reference,REGOLAMENTO_E_NARRATIVA/Lore_e_Racconti/lore_linee_geomantiche_elemento_terra_14e141aed1808487.json,Lore: Linee Geomantiche — Elemento Terra,Isolated entry: has no inbound or outbound cross-references or semantic links in the entire compendium.
entry_without_cross_reference,REGOLAMENTO_E_NARRATIVA/Lore_e_Racconti/lore_linee_geomantiche_preti_e_druidi_1c4488d356be8b07.json,Lore: Linee Geomantiche — Preti e Druidi,Isolated entry: has no inbound or outbound cross-references or semantic links in the entire compendium.
entry_without_cross_reference,REGOLAMENTO_E_NARRATIVA/Professioni_e_Abilita/armigero_e5c6686a4c2bd8bc.json,Armigero,Isolated entry: has no inbound or outbound cross-references or semantic links in the entire compendium.
entry_without_cross_reference,REGOLAMENTO_E_NARRATIVA/Professioni_e_Abilita/mago_dd33b84e1e8560b8.json,Mago,Isolated entry: has no inbound or outbound cross-references or semantic links in the entire compendium.
entry_without_cross_reference,REGOLAMENTO_E_NARRATIVA/Professioni_e_Abilita/villico_0651944f5f66f3fb.json,Villico,Isolated entry: has no inbound or outbound cross-references or semantic links in the entire compendium.
entry_without_cross_reference,REGOLAMENTO_E_NARRATIVA/Professioni_e_Abilita/contraffazione_eaa35432d5329a08.json,Contraffazione,Isolated entry: has no inbound or outbound cross-references or semantic links in the entire compendium.
entry_without_cross_reference,REGOLAMENTO_E_NARRATIVA/Professioni_e_Abilita/deduzione_bdc543342cfc257f.json,Deduzione,Isolated entry: has no inbound or outbound cross-references or semantic links in the entire compendium.
entry_without_cross_reference,REGOLAMENTO_E_NARRATIVA/Professioni_e_Abilita/esibirsi_cb6eec2da16f2934.json,Esibirsi,Isolated entry: has no inbound or outbound cross-references or semantic links in the entire compendium.
entry_without_cross_reference,REGOLAMENTO_E_NARRATIVA/Professioni_e_Abilita/fabbricare_trappole_811f06949c0e223b.json,Fabbricare Trappole,Isolated entry: has no inbound or outbound cross-references or semantic links in the entire compendium.
entry_without_cross_reference,REGOLAMENTO_E_NARRATIVA/Professioni_e_Abilita/fervore_a6b7c8d9e0f1a2b3.json,Fervore,Isolated entry: has no inbound or outbound cross-references or semantic links in the entire compendium.
entry_without_cross_reference,REGOLAMENTO_E_NARRATIVA/Professioni_e_Abilita/guardiano_del_bosco_f6a7b8c9d0e1f2a3.json,Guardiano del Bosco,Isolated entry: has no inbound or outbound cross-references or semantic links in the entire compendium.
entry_without_cross_reference,REGOLAMENTO_E_NARRATIVA/Professioni_e_Abilita/iniziato_degli_dei_1a2b3c4d5e6f7a8b.json,Iniziato degli Dei,Isolated entry: has no inbound or outbound cross-references or semantic links in the entire compendium.
entry_without_cross_reference,REGOLAMENTO_E_NARRATIVA/Professioni_e_Abilita/leggere_la_natura_f8a9b0c1d2e3f4a5.json,Leggere la Natura,Isolated entry: has no inbound or outbound cross-references or semantic links in the entire compendium.
entry_without_cross_reference,REGOLAMENTO_E_NARRATIVA/Professioni_e_Abilita/linguaggio_lingua_antica_d5e513cfba00d5d5.json,Linguaggio: Lingua Antica,Isolated entry: has no inbound or outbound cross-references or semantic links in the entire compendium.
entry_without_cross_reference,REGOLAMENTO_E_NARRATIVA/Professioni_e_Abilita/linguaggio_lingua_comune_2574c290a64b4e31.json,Linguaggio: Lingua Comune,Isolated entry: has no inbound or outbound cross-references or semantic links in the entire compendium.
entry_without_cross_reference,REGOLAMENTO_E_NARRATIVA/Professioni_e_Abilita/linguaggio_nanico_158766ff2e804669.json,Linguaggio: Nanico,Isolated entry: has no inbound or outbound cross-references or semantic links in the entire compendium.
entry_without_cross_reference,REGOLAMENTO_E_NARRATIVA/Professioni_e_Abilita/mischia_9985644d9354a4d0.json,Mischia,Isolated entry: has no inbound or outbound cross-references or semantic links in the entire compendium.
entry_without_cross_reference,REGOLAMENTO_E_NARRATIVA/Professioni_e_Abilita/misteri_del_culto_c0d1e2f3a4b5c6d7.json,Misteri del Culto,Isolated entry: has no inbound or outbound cross-references or semantic links in the entire compendium.
entry_without_cross_reference,REGOLAMENTO_E_NARRATIVA/Professioni_e_Abilita/navigazione_d40561485e4f1ad1.json,Navigazione,Isolated entry: has no inbound or outbound cross-references or semantic links in the entire compendium.
entry_without_cross_reference,REGOLAMENTO_E_NARRATIVA/Professioni_e_Abilita/patto_animale_d8e9f0a1b2c3d4e5.json,Patto Animale,Isolated entry: has no inbound or outbound cross-references or semantic links in the entire compendium.
entry_without_cross_reference,REGOLAMENTO_E_NARRATIVA/Professioni_e_Abilita/prestidigitazione_8edaff803df41fb4.json,Prestidigitazione,Isolated entry: has no inbound or outbound cross-references or semantic links in the entire compendium.
entry_without_cross_reference,REGOLAMENTO_E_NARRATIVA/Professioni_e_Abilita/preveggenza_d2e3f4a5b6c7d8e9.json,Preveggenza,Isolated entry: has no inbound or outbound cross-references or semantic links in the entire compendium.
entry_without_cross_reference,REGOLAMENTO_E_NARRATIVA/Professioni_e_Abilita/rissa_bc857c992af634f2.json,Rissa,Isolated entry: has no inbound or outbound cross-references or semantic links in the entire compendium.
entry_without_cross_reference,REGOLAMENTO_E_NARRATIVA/Professioni_e_Abilita/sangue_e_ossa_e6f7a8b9c0d1e2f3.json,Sangue e Ossa,Isolated entry: has no inbound or outbound cross-references or semantic links in the entire compendium.
entry_without_cross_reference,REGOLAMENTO_E_NARRATIVA/Professioni_e_Abilita/sensibilita_d9c91689d82daf96.json,Sensibilità,Isolated entry: has no inbound or outbound cross-references or semantic links in the entire compendium.
entry_without_cross_reference,REGOLAMENTO_E_NARRATIVA/Professioni_e_Abilita/tattica_3f60b7f63590d334.json,Tattica,Isolated entry: has no inbound or outbound cross-references or semantic links in the entire compendium.
entry_without_cross_reference,REGOLAMENTO_E_NARRATIVA/Professioni_e_Abilita/tempra_0b9c99bed937928b.json,Tempra,Isolated entry: has no inbound or outbound cross-references or semantic links in the entire compendium.
entry_without_cross_reference,REGOLAMENTO_E_NARRATIVA/Tabelle_Operative/critici_complicati_02c0c3792d885d94.json,Critici Complicati,Isolated entry: has no inbound or outbound cross-references or semantic links in the entire compendium.
entry_without_cross_reference,REGOLAMENTO_E_NARRATIVA/Tabelle_Operative/critici_difficili_d0c2238c3d20ebd9.json,Critici Difficili,Isolated entry: has no inbound or outbound cross-references or semantic links in the entire compendium.
entry_without_cross_reference,REGOLAMENTO_E_NARRATIVA/Tabelle_Operative/critici_mortali_79b6dc01eaf17a13.json,Critici Mortali,Isolated entry: has no inbound or outbound cross-references or semantic links in the entire compendium.
entry_without_cross_reference,REGOLAMENTO_E_NARRATIVA/Tabelle_Operative/critici_semplici_c643d9ff271bd482.json,Critici Semplici,Isolated entry: has no inbound or outbound cross-references or semantic links in the entire compendium.
entry_without_cross_reference,REGOLAMENTO_E_NARRATIVA/Tabelle_Operative/fumble_disarmato_f75b23dcf048c0be.json,Fumble - Disarmato,Isolated entry: has no inbound or outbound cross-references or semantic links in the entire compendium.
entry_without_cross_reference,REGOLAMENTO_E_NARRATIVA/Tabelle_Operative/fumble_distanza_ae00243fc142a619.json,Fumble - Distanza,Isolated entry: has no inbound or outbound cross-references or semantic links in the entire compendium.
entry_without_cross_reference,REGOLAMENTO_E_NARRATIVA/Tabelle_Operative/fumble_mischia_attacco_d6c16bcb964b9506.json,Fumble - Mischia Attacco,Isolated entry: has no inbound or outbound cross-references or semantic links in the entire compendium.
entry_without_cross_reference,REGOLAMENTO_E_NARRATIVA/Tabelle_Operative/fumble_mischia_difesa_60d8bc6889149124.json,Fumble - Mischia Difesa,Isolated entry: has no inbound or outbound cross-references or semantic links in the entire compendium.
entry_without_cross_reference,REGOLAMENTO_E_NARRATIVA/Tabelle_Operative/effetti_dei_disastri_elementali_bec74067a0c6a0bc.json,Effetti dei Disastri Elementali,Isolated entry: has no inbound or outbound cross-references or semantic links in the entire compendium.
entry_without_cross_reference,REGOLAMENTO_E_NARRATIVA/Tabelle_Operative/esiti_dei_disastri_magici_mago_d020eeb9d502c6d6.json,Esiti dei Disastri Magici — Mago,Isolated entry: has no inbound or outbound cross-references or semantic links in the entire compendium.
entry_without_cross_reference,REGOLAMENTO_E_NARRATIVA/Tabelle_Operative/pericoli_della_necromanzia_590ac631fd075864.json,Pericoli della Necromanzia,Isolated entry: has no inbound or outbound cross-references or semantic links in the entire compendium.
entry_without_cross_reference,REGOLAMENTO_E_NARRATIVA/Trofei/Trofeo_Elementale_2595fc12d1dd4c0c.json,Trofeo: Elementale (Ghiaccio),Isolated entry: has no inbound or outbound cross-references or semantic links in the entire compendium.
entry_without_cross_reference,REGOLAMENTO_E_NARRATIVA/Trofei/Trofeo_Elementale_97a3d63632854a98.json,Trofeo: Elementale (Terra),Isolated entry: has no inbound or outbound cross-references or semantic links in the entire compendium.
entry_without_cross_reference,REGOLAMENTO_E_NARRATIVA/Trofei/Trofeo_Elementale_98cae0cec2de53fd.json,Trofeo: Elementale (Fuoco),Isolated entry: has no inbound or outbound cross-references or semantic links in the entire compendium.
entry_without_cross_reference,REGOLAMENTO_E_NARRATIVA/Trofei/Trofeo_Grifone_b9b3a184b1214ca0.json,Trofeo: Grifone,Isolated entry: has no inbound or outbound cross-references or semantic links in the entire compendium.
entry_without_cross_reference,REGOLAMENTO_E_NARRATIVA/Trofei/Trofeo_Immagini_74187e96cb4f4aee.json,Trofeo: [Immagini,Isolated entry: has no inbound or outbound cross-references or semantic links in the entire compendium.
entry_without_cross_reference,REGOLAMENTO_E_NARRATIVA/Trofei/Trofeo_Immagini_7c0ca396379a4320.json,Trofeo: [Immagini,Isolated entry: has no inbound or outbound cross-references or semantic links in the entire compendium.
entry_without_cross_reference,REGOLAMENTO_E_NARRATIVA/Trofei/Trofeo_Succube_12e890dc61674d19.json,Trofeo: Succube,Isolated entry: has no inbound or outbound cross-references or semantic links in the entire compendium.
entry_without_cross_reference,REGOLAMENTO_E_NARRATIVA/Trofei/Trofeo_Viverna_073ea58863fdce50.json,Trofeo: Viverna,Isolated entry: has no inbound or outbound cross-references or semantic links in the entire compendium.
entry_without_cross_reference,REGOLAMENTO_E_NARRATIVA/Trofei/Trofeo_Wraith_Diurno_5491e81a30c34f2c.json,Trofeo: Wraith Diurno,Isolated entry: has no inbound or outbound cross-references or semantic links in the entire compendium.
