"Name","Source","Type","File"
"Balestra da Caccia","LR 166","weapon","Balestra_da_Caccia.json"
"Flamberga","LR 167","weapon","Flamberga.json"
"Lama Viroledana","LR 167","weapon","Lama_Viroledana.json"
"Lancia da Guerra","LR 167","weapon","Lancia_da_Guerra.json"
"Lancia Smussata","LR 167","weapon","Lancia_Smussata.json"
"Maglio del Contadino","LR 167","weapon","Maglio_del_Contadino.json"
"Martello da Cavaliere","LR 167","weapon","Martello_da_Cavaliere.json"
"Partigiana","LR 167","weapon","Partigiana.json"
"Spada Ducale","LR 167","weapon","Spada_Ducale.json"
"Arco da Viaggio Elfico","MB","weapon","Arco_da_Viaggio_Elfico_00f3ff9d48b2ad48.json"
"Armatura del Gatto","MB","armor","Armatura_del_Gatto_kobcisq696q8zvl5.json"
"Armatura del Grifone","MB","armor","Armatura_del_Grifone_ldy4e5lrkrrvsbxs.json"
"Armatura del Lupo","MB","armor","Armatura_del_Lupo_o6hqy2mbkicx457g.json"
"Armatura della Lumaca","MB","armor","Armatura_della_Lumaca_xw4u3i7psowhis32.json"
"Armatura della Manticora","MB","armor","Armatura_della_Manticora_bz4jwuwqidv3ww8g.json"
"Armatura della Vipera","MB","armor","Armatura_della_Vipera_bukppvyvclyr9uqk.json"
"Armatura dell'Orso","MB","armor","Armatura_dellOrso_jn9w0e016jtm62bq.json"
"Ascia Nanica","MB","weapon","Ascia_Nanica_0000ae86d87f059a.json"
"Ascia Nera Gnomesca","MB","weapon","Ascia_Nera_Gnomesca_006f87a98ae4f9f8.json"
"Asta","MB","weapon","Asta_0080c39f6ba83088.json"
"Badile","MB","weapon","Badile_00df31f62afb18c8.json"
"Balestra Pesante Nanica","MB","weapon","Balestra_Pesante_Nanica_0002518f9669a30e.json"
"Balestrino Gnomesco","MB","weapon","Balestrino_Gnomesco_00064db32bac6322.json"
"Bastone da Passeggio Elfico","MB","weapon","Bastone_da_Passeggio_Elfico_00c7f51114c30a28.json"
"Bastone del Vincolo","MB","weapon","Bastone_del_Vincolo_0007e9599cacf4bb.json"
"Bastone Gnomesco","MB","weapon","Bastone_Gnomesco_0006bb641be67c67.json"
"Bordone da Pastore","MB","weapon","Bordone_da_Pastore_000bdf3500204ce6.json"
"Daga a Rondelle Halfling","MB","weapon","Daga_a_Rondelle_Halfling_00690dc87f6a0988.json"
"Falce","MB","weapon","Falce_005bc4df8d624fb8.json"
"Falcetto","MB","weapon","Falcetto_00b99fe70e32c1b8.json"
"Falcione Elfico","MB","weapon","Falcione_Elfico_004618fe1a188a38.json"
"Forcone","MB","weapon","Forcone_0005aa95b9b3999c.json"
"Gwyhyr Gnomesca","MB","weapon","Gwyhyr_Gnomesca_00fecd750979a238.json"
"Lama del Tir Tochair","MB","weapon","Lama_del_Tir_Tochair_0005b5430715c5a1.json"
"Mannaia Nanica","MB","weapon","Mannaia_Nanica_000a01ded89f9801.json"
"Martello d'Armi Mahakaman","MB","weapon","Martello_dArmi_Mahakaman_009a793bfe2d9ab8.json"
"Mazzafrusto Meteoritico","MB","weapon","Mazzafrusto_Meteoritico_00692dd539a67b28.json"
"Mazzapicchio Nanico","MB","weapon","Mazzapicchio_Nanico_00c4a95e447271d8.json"
"Messer Elfico","MB","weapon","Messer_Elfico_000c6c06cba95144.json"
"Pala","MB","weapon","Pala_0009c778f870b921.json"
"Pugnale di Diaspro Sang.","MB","weapon","Pugnale_di_Diaspro_Sang._004c9f9702b73e28.json"
"Rete con Pesi","MB","weapon","Rete_con_Pesi_00087b72ccc85dd4.json"
"Rete per Mostri","MB","weapon","Rete_per_Mostri_00d1518fdb648a28.json"
"Scorpione (Balista)","MB","weapon","Scorpione_(Balista)_00056b29e0b098b1.json"
"Scuola del Gatto (Acciaio)","MB","weapon","Scuola_del_Gatto_(Acciaio)_005fa8be7e76d4c8.json"
"Scuola del Gatto (Argento)","MB","weapon","Scuola_del_Gatto_(Argento)_00eb803e8f4e8a18.json"
"Scuola del Gatto (Balestra)","MB","weapon","Scuola_del_Gatto_(Balestra)_0005a034f2852a18.json"
"Scuola del Grifone (Acciaio)","MB","weapon","Scuola_del_Grifone_(Acciaio)_00c68a08768b3218.json"
"Scuola del Grifone (Argento)","MB","weapon","Scuola_del_Grifone_(Argento)_003b7935a5eab648.json"
"Scuola del Grifone (Balestra)","MB","weapon","Scuola_del_Grifone_(Balestra)_000cc0c22629165e.json"
"Scuola del Lupo (Acciaio)","MB","weapon","Scuola_del_Lupo_(Acciaio)_000ee05377296736.json"
"Scuola del Lupo (Argento)","MB","weapon","Scuola_del_Lupo_(Argento)_0056fd9c47752d18.json"
"Scuola della Lumaca (Acciaio)","MB","weapon","Scuola_della_Lumaca_(Acciaio)_0007f981d977aaec.json"
"Scuola della Lumaca (Argento)","MB","weapon","Scuola_della_Lumaca_(Argento)_0004a8f80211769c.json"
"Scuola della Manticora (Acciaio)","MB","weapon","Scuola_della_Manticora_(Acciaio)_00c8757ce11b1778.json"
"Scuola della Manticora (Argento)","MB","weapon","Scuola_della_Manticora_(Argento)_00ccb4382fba9b98.json"
"Scuola della Vipera (Acciaio)","MB","weapon","Scuola_della_Vipera_(Acciaio)_007aaca1e51e3768.json"
"Scuola della Vipera (Argento)","MB","weapon","Scuola_della_Vipera_(Argento)_0053aa0f430b0378.json"
"Scuola della Vipera (Zanna)","MB","weapon","Scuola_della_Vipera_(Zanna)_00091b914a4c2757.json"
"Scuola dell'Orso (Acciaio)","MB","weapon","Scuola_dellOrso_(Acciaio)_000d890e417f601d.json"
"Scuola dell'Orso (Argento)","MB","weapon","Scuola_dellOrso_(Argento)_003af6d3fb73c238.json"
"Scuola dell'Orso (Balestra)","MB","weapon","Scuola_dellOrso_(Balestra)_006d87c91fc31f98.json"
"Siringa da Campo","MB","weapon","Siringa_da_Campo_0003bd37bb9ce125.json"
"Spada da Cavalleria Vrihedd","MB","weapon","Spada_da_Cavalleria_Vrihedd_008e2126fde3c528.json"
"Spada Meteoritica","MB","weapon","Spada_Meteoritica_000cc4258e8e7e53.json"
"Sperone d'Arpia","MB","weapon","Sperone_dArpia_0004479d266f425a.json"
"Spezzalama","MB","weapon","Spezzalama_000a6572b49a716c.json"
"Torcia","MB","weapon","Torcia_00f2b6abdbf85b28.json"
"Zefhar Elfico","MB","weapon","Zefhar_Elfico_000ca47aa0ce7208.json"
"Borsello","MB 14","item","Borsello_d811f31a133f4c9a.json"
"Bastone","MB 15","weapon","Bastone_7f1df27809b641e6.json"
"Bastone con Cristallo","MB 15","weapon","Bastone_con_Cristallo_023a83c9ec334aba.json"
"Specchietto","MB 15","item","Specchietto_79aef608f05c4909.json"
"Bandoliera","MB 16","item","Bandoliera_0c8a4f4b806b4703.json"
"Costoliere","MB 16","weapon","Costoliere_1d38b8f9c55f420d.json"
"Brache Corazzate","MB 19","armor","Brache_Corazzate_96e13315d29d466d.json"
"Mazza","MB 19","weapon","Mazza_703ae8232f6349ab.json"
"Pugnale","MB 20","weapon","Pugnale_08c8bc3916a44ba5.json"
"Rampino","MB 20","item","Rampino_773afe5f357947b7.json"
"Bufera di Neve","MB 247","alchemical","Bufera_di_Neve_e7aaff60fbed4515.json"
"Filtro di Petri","MB 247","alchemical","Filtro_di_Petri_ebb731ef647a9ae8.json"
"Foresta di Maribor","MB 247","alchemical","Foresta_di_Maribor_95686235acccb8bb.json"
"Gatto","MB 247","alchemical","Gatto_7ef47a8e26ccade9.json"
"Gufo Fulvo","MB 247","alchemical","Gufo_Fulvo_7c14884813d01892.json"
"Luna Piena","MB 247","alchemical","Luna_Piena_5846886fdf059329.json"
"Medaglione da Witcher","MB 247","item","Medaglione_da_Witcher_d8953dd21b37d036.json"
"Miele Bianco","MB 247","alchemical","Miele_Bianco_795c57fc484a8ddc.json"
"Orca Assassina","MB 247","alchemical","Orca_Assassina_16f2284f9b0e8d8b.json"
"Rigogolo Dorato","MB 247","alchemical","Rigogolo_Dorato_8253181f79f2c0c1.json"
"Rondine","MB 247","alchemical","Rondine_0632dbfb490dee6d.json"
"Sangue Nero","MB 247","alchemical","Sangue_Nero_e4449d568b409a4c.json"
"Spada d'acciaio da witcher","MB 247","weapon","Spada_dacciaio_da_witcher_b8b690f688a77656.json"
"Spada d'argento da witcher","MB 247","weapon","Spada_dargento_da_witcher_98a5095142388ea4.json"
"Tuono","MB 247","alchemical","Tuono_80ee7ddf323e4673.json"
"Anti-Ancestrali","MB 248","alchemical","Anti-Ancestrali_01897166528f04c2.json"
"Anti-Bestie","MB 248","alchemical","Anti-Bestie_be0449da77ab5136.json"
"Anti-Costrutti","MB 248","alchemical","Anti-Costrutti_dd75a029513af7f7.json"
"Anti-Dragonidi","MB 248","alchemical","Anti-Dragonidi_6d4f3bc2cbeec9ef.json"
"Anti-Ibridi","MB 248","alchemical","Anti-Ibridi_960d1a617e2a6847.json"
"Anti-Insettoidi","MB 248","alchemical","Anti-Insettoidi_38a76fa165a6de46.json"
"Anti-Maledetti","MB 248","alchemical","Anti-Maledetti_69e7c869d29dc1bd.json"
"Anti-Necrofagi","MB 248","alchemical","Anti-Necrofagi_6ea0fdab22fb013d.json"
"Anti-Orchi","MB 248","alchemical","Anti-Orchi_071d9c96f5e1cfa0.json"
"Anti-Spettri","MB 248","alchemical","Anti-Spettri_e1d78826b093f749.json"
"Anti-Vampiri","MB 248","alchemical","Anti-Vampiri_a8c209f3b5cbf95b.json"
"Veleno dell'Impiccato","MB 248","alchemical","Veleno_dellImpiccato_461854b6b771fa89.json"
"Decotto di Arachas","MB 250","alchemical","Decotto_di_Arachas_d50584482790f08b.json"
"Decotto di Demonio","MB 250","alchemical","Decotto_di_Demonio_e1a91e26b2f7a0e9.json"
"Decotto di Grifone","MB 250","alchemical","Decotto_di_Grifone_1acd4e9304c97f59.json"
"Decotto di Katakan","MB 250","alchemical","Decotto_di_Katakan_c10f7fbe93bb84ac.json"
"Decotto di Lupo Mannaro","MB 250","alchemical","Decotto_di_Lupo_Mannaro_54dcde0c0887499f.json"
"Decotto di Nekker","MB 250","alchemical","Decotto_di_Nekker_fa92c34dc03e5864.json"
"Decotto di Strega dei Sepolcri","MB 250","alchemical","Decotto_di_Strega_dei_Sepolcri_d39c8fd2bf6a3959.json"
"Decotto di Troll","MB 250","alchemical","Decotto_di_Troll_305e5eb931330f7c.json"
"Decotto di Viverna","MB 250","alchemical","Decotto_di_Viverna_5f32ef44d5307b90.json"
"Decotto di Wraith Diurno","MB 250","alchemical","Decotto_di_Wraith_Diurno_e906e2c6d8e60fc9.json"
"Munizioni Esplosive","MB 256","weapon","Munizioni_Esplosive_e0a1b2c3d4e5f607.json"
"Munizioni Multiple","MB 256","weapon","Munizioni_Multiple_e0a1b2c3d4e5f605.json"
"Munizioni Traccianti","MB 256","weapon","Munizioni_Traccianti_e0a1b2c3d4e5f606.json"
"Arco Lunare","MB 257","weapon","Arco_Lunare_7a8b9c0d1e2f3a4b.json"
"Bacchetta della Succube","MB 257","weapon","Bacchetta_della_Succube_b1c2d3e4f5a6b7c8.json"
"Caroline","MB 258","weapon","Caroline_c2d3e4f5a6b7c8d9.json"
"Decapitatore","MB 258","weapon","Decapitatore_d3e4f5a6b7c8d9e0.json"
"Destino","MB 259","weapon","Destino_e4f5a6b7c8d9e0f1.json"
"Devine","MB 259","weapon","Devine_f5a6b7c8d9e0f1a2.json"
"Lupo","MB 260","weapon","Lupo_a6b7c8d9e0f1a2b3.json"
"Mannaia di Hood","MB 260","weapon","Mannaia_di_Hood_b7c8d9e0f1a2b3c4.json"
"Maugrim","MB 261","weapon","Maugrim_c8d9e0f1a2b3c4d5.json"
"Morte Rossa","MB 261","weapon","Morte_Rossa_d9e0f1a2b3c4d5e6.json"
"Ogh'r","MB 262","weapon","Ogh'r_e0f1a2b3c4d5e6f7.json"
"Sentinella dell'Abisso","MB 262","weapon","Sentinella_dell'Abisso_f1a2b3c4d5e6f7a8.json"
"Spada Lunare","MB 263","weapon","Spada_Lunare_a2b3c4d5e6f7a8b9.json"
"Spina","MB 263","weapon","Spina_b3c4d5e6f7a8b9c0.json"
"Armatura di Corvo","MB 264","armor","Armatura di Corvo.json"
"Armatura dei Montanari","MB 265","armor","Armatura dei Montanari.json"
"Armatura di Draugr","MB 265","armor","Armatura di Draugr.json"
"Ascia da Battaglia","MB 40","weapon","Ascia_da_Battaglia_a2598bdcb027404b.json"
"Balestra","MB 40","weapon","Balestra_90750e6f288a4af4.json"
"Brigantina","MB 40","armor","Brigantina_1311af95fb794459.json"
"Brocchiero d???Acciaio","MB 40","armor","Brocchiero_dAcciaio_4bccea9569cb471e.json"
"Camaglio","MB 40","armor","Camaglio_88963c607dde4624.json"
"Kord","MB 40","weapon","Kord_30078fa035df4e50.json"
"Lancia","MB 40","weapon","Lancia_457d3ed6765f4524.json"
"Clessidra","MB 41","item","Clessidra_1c7a22fb25ab4db2.json"
"Lucchetto","MB 41","item","Lucchetto_af9dcffda35e446c.json"
"Spada di Ferro","MB 41","weapon","Spada_di_Ferro_86a50ea90ac24ed7.json"
"Lanterna","MB 43","item","Lanterna_903b1aee31c44aaf.json"
"Stiletto","MB 43","weapon","Stiletto_09ccebf23dd44e97.json"
"Tirapugni","MB 43","weapon","Tirapugni_1528b6ffdaf94ed0.json"
"Candele (??5)","MB 45","valuable","Candele_5_2dbbeeaa6ab742e8.json"
"Tenda","MB 45","item","Tenda_14f28d56b364430a.json"
"Balestrino","MB 48","weapon","Balestrino_087b1a38130b4e14.json"
"Gambesone","MB 48","armor","Gambesone_15857f6ead814bc8.json"
"Gambesone a Doppia Trama","MB 48","armor","Gambesone_a_Doppia_Trama_0ab9221d175b467a.json"
"Munizioni Bodkin","MB 74","weapon","Munizioni_Bodkin_e0a1b2c3d4e5f604.json"
"Munizioni Normali","MB 74","weapon","Munizioni_Normali_e0a1b2c3d4e5f601.json"
"Munizioni Punta Larga","MB 74","weapon","Munizioni_Punta_Larga_e0a1b2c3d4e5f603.json"
"Munizioni Smussate","MB 74","weapon","Munizioni_Smussate_e0a1b2c3d4e5f602.json"
"Accetta","MB 75","weapon","Accetta_022f99d584a84f5e.json"
"Alabarda Rossa","MB 75","weapon","Alabarda_Rossa_857219f18f1f4691.json"
"Ascia da Berserker","MB 75","weapon","Ascia_da_Berserker_4382864124ce4ea9.json"
"Azza","MB 75","weapon","Azza_38c1eaacac924334.json"
"Esboda","MB 75","weapon","Esboda_94e00ab95004418a.json"
"Falchion da Cacciatore","MB 75","weapon","Falchion_da_Cacciatore_89218c7039e94a26.json"
"Gleddyf","MB 75","weapon","Gleddyf_63a1778f331749d9.json"
"Jambiya","MB 75","weapon","Jambiya_62953f574ed44869.json"
"Krigsverd","MB 75","weapon","Krigsverd_8baf3e82cc9a4cc6.json"
"Lama Vicovariana","MB 75","weapon","Lama_Vicovariana_964a7a583fe34843.json"
"Maglio degli Altipiani","MB 75","weapon","Maglio_degli_Altipiani_53bb53bd66d24da9.json"
"Spada d???Arme","MB 75","weapon","Spada_dArme_8202b4553ca74b4d.json"
"Torrwr","MB 75","weapon","Torrwr_15485ac3e23d4042.json"
"Arco Corto","MB 76","weapon","Arco_Corto_05729cdd8b8e4b31.json"
"Arco da Guerra","MB 76","weapon","Arco_da_Guerra_34b85896699c4c74.json"
"Arco Lungo","MB 76","weapon","Arco_Lungo_0678c7fef48542fe.json"
"Ascia da Lancio","MB 76","weapon","Ascia_da_Lancio_e0693361f0404e5f.json"
"Balestra da Cacciatore di Mostri","MB 76","weapon","Balestra_da_Cacciatore_di_Mostri_5f833da91e34474a.json"
"Bastone di Ferro","MB 76","weapon","Bastone_di_Ferro_afa5102884274060.json"
"Bastone Uncinato","MB 76","weapon","Bastone_Uncinato_1ae13fff58b64da2.json"
"Coltello da Lancio","MB 76","weapon","Coltello_da_Lancio_1b06de9f1eac4afa.json"
"Orione","MB 76","weapon","Orione_6c74f2fb56bb446d.json"
"Armatura a Piastre","MB 81","armor","Armatura_a_Piastre_3cd42c4b0b5d409c.json"
"Armatura a Piastre Nilfgaardiana","MB 81","armor","Armatura_a_Piastre_Nilfgaardiana_72d75f6f65b94ab9.json"
"Armatura da Alabardiere Redaniana","MB 81","armor","Armatura_da_Alabardiere_Redaniana_25b33d15fa1d4c20.json"
"Armatura Pesante di Hindarsfjall","MB 81","armor","Armatura_Pesante_di_Hindarsfjall_5db318389d2f4b48.json"
"Bacinetto Temeriano","MB 81","armor","Bacinetto_Temeriano_12551b4429c74918.json"
"Cappuccio a Doppia Trama","MB 81","armor","Cappuccio_a_Doppia_Trama_26a5ecf364c04903.json"
"Cappuccio Corazzato","MB 81","armor","Cappuccio_Corazzato_5908f0aa32a3481c.json"
"Cappuccio da Arciere Verden","MB 81","armor","Cappuccio_da_Arciere_Verden_779074d9d8544651.json"
"Elmo a Mezza Maschera","MB 81","armor","Elmo_a_Mezza_Maschera_1cf0d12c7c0c4a96.json"
"Elmo di Skellige","MB 81","armor","Elmo_di_Skellige_251f3f3fe5714cd7.json"
"Elmo Nilfgaardiano","MB 81","armor","Elmo_Nilfgaardiano_ad7a867d126246f0.json"
"Gambesone Aedirniano","MB 81","armor","Gambesone_Aedirniano_35fa0326be7e4799.json"
"Giubba di Cuoio Lyriana","MB 81","armor","Giubba_di_Cuoio_Lyriana_d4ee9209c1ea45c9.json"
"Grande Elmo","MB 81","armor","Grande_Elmo_28a42275e0294a03.json"
"Brache a Doppia Trama","MB 82","armor","Brache_a_Doppia_Trama_dc9fde1aa6b94b24.json"
"Brache da Cavallerizzo","MB 82","armor","Brache_da_Cavallerizzo_5966d38dbaa245dd.json"
"Brache di Cuoio Lyriane","MB 82","armor","Brache_di_Cuoio_Lyriane_5445e5664915423c.json"
"Brache Imbottite","MB 82","armor","Brache_Imbottite_0f36c33bb673419c.json"
"Gambali di Maglia di Hindarsfjall","MB 82","armor","Gambali_di_Maglia_di_Hindarsfjall_85e958e2dba143c9.json"
"Palvese","MB 82","armor","Palvese_1d9b657ce3bc488e.json"
"Palvese Nilfgaardiano","MB 82","armor","Palvese_Nilfgaardiano_9385cb1c78594f42.json"
"Schinieri di Piastre","MB 82","armor","Schinieri_di_Piastre_a193d292b83d491c.json"
"Schinieri Nilfgaardiani","MB 82","armor","Schinieri_Nilfgaardiani_2af41ab1860f4397.json"
"Schinieri Redaniani","MB 82","armor","Schinieri_Redaniani_0c699eff0463498c.json"
"Scudo da Razziatore Skellige","MB 82","armor","Scudo_da_Razziatore_Skellige_18dddff08cf94cc5.json"
"Scudo d???Acciaio a Goccia","MB 82","armor","Scudo_dAcciaio_a_Goccia_6a75a26b4acf4556.json"
"Scudo di Cuoio","MB 82","armor","Scudo_di_Cuoio_4d36f23940c749f6.json"
"Scudo Kaedweni","MB 82","armor","Scudo_Kaedweni_369b6baa241b4b57.json"
"Scudo Temeriano","MB 82","armor","Scudo_Temeriano_970be8417e1c4200.json"
"Munizioni Da Impatto Naniche","MB 86","weapon","Munizioni_Da_Impatto_Naniche_e0a1b2c3d4e5f609.json"
"Munizioni Sventratrici Elfiche","MB 86","weapon","Munizioni_Sventratrici_Elfiche_e0a1b2c3d4e5f608.json"
"Barca a Vela","MB 93","item","Barca_a_Vela_ddc6e01ba5218463.json"
"Bardatura di Cuoio","MB 93","item","Bardatura_di_Cuoio_9cdf4fc33ff58e52.json"
"Bardatura di Maglia di Ferro","MB 93","item","Bardatura_di_Maglia_di_Ferro_3e9f20c8a114a12d.json"
"Bisacce","MB 93","item","Bisacce_b448029bd8e3a4f8.json"
"Bisacce Militari","MB 93","item","Bisacce_Militari_7b01483ef668ccd3.json"
"Bue","MB 93","item","Bue_9b617ae1c204253b.json"
"Carro","MB 93","item","Carro_33e07d1c617174f0.json"
"Carrozza","MB 93","item","Carrozza_d785eacf9fd40e0b.json"
"Cavallo","MB 93","item","Cavallo_123df63708a14c79.json"
"Cavallo da Guerra","MB 93","item","Cavallo_da_Guerra_ed2073af118145ee.json"
"Cutter (barca)","MB 93","item","Cutter_barca_8a0762370e4fa73f.json"
"Mulo","MB 93","item","Mulo_a2528405116aa117.json"
"Nave a Vela","MB 93","item","Nave_a_Vela_44e2a65000502ab3.json"
"Paraocchi","MB 93","item","Paraocchi_9afc4de06080b8e3.json"
"Paraocchi da Corsa","MB 93","item","Paraocchi_da_Corsa_25c1c9e6f2029e8d.json"
"Sella","MB 93","item","Sella_ef5c5e5ae0defac6.json"
"Sella da Cavalleria","MB 93","item","Sella_da_Cavalleria_e9c783549f6bb94b.json"
"Sella da Corsa","MB 93","item","Sella_da_Corsa_a3e78b9256db97b7.json"
"Amuleto con Gemma","MB 94","item","Amuleto_con_Gemma_e409cd54ccdd5e1b.json"
"Amuleto Semplice","MB 94","item","Amuleto_Semplice_7154dad58f595fe8.json"
"Arnesi da Scasso","MB 94","item","Arnesi_da_Scasso_0fef46fca9c86760.json"
"Attrezzatura Alchemica","MB 94","item","Attrezzatura_Alchemica_7e2017507b818aa4.json"
"Attrezzatura da Pesca","MB 94","item","Attrezzatura_da_Pesca_082aece2906976b9.json"
"Forgia Portatile","MB 94","item","Forgia_Portatile_2b659eb0a0cbd8f1.json"
"Kit da Falsario","MB 94","item","Kit_da_Falsario_f514d65de60a299e.json"
"Kit per il Camuffamento","MB 94","item","Kit_per_il_Camuffamento_b973d8bfd6a59942.json"
"Kit per il Trucco","MB 94","item","Kit_per_il_Trucco_2fc480e21c5b4d57.json"
"Occorrente per Scrivere","MB 94","item","Occorrente_per_Scrivere_7f0e91b83500995e.json"
"Strumenti Chirurgici","MB 94","item","Strumenti_Chirurgici_a31b8d623c375e13.json"
"Strumenti per le Belle Arti","MB 94","item","Strumenti_per_le_Belle_Arti_89831d4c8036eac0.json"
"Telecomunicatore","MB 94","item","Telecomunicatore_5197766fa27664ae.json"
"Utensili da Armaiolo","MB 94","item","Utensili_da_Armaiolo_99a13b69ce308173.json"
"Utensili da Cucina","MB 94","item","Utensili_da_Cucina_f6fb2ac7dd7afac0.json"
"Utensili da Mercante","MB 94","item","Utensili_da_Mercante_aecd9fb25eaebbc9.json"
"20m di Corda","MB 95","item","20m_di_Corda_6744066439faf25e.json"
"Abiti Comuni","MB 95","item","Abiti_Comuni_e596e64cca424489.json"
"Abiti da Furfante","MB 95","item","Abiti_da_Furfante_bed44d8b7d4bb824.json"
"Abiti Eleganti","MB 95","item","Abiti_Eleganti_dc594a01542be272.json"
"Abiti per Climi Freddi","MB 95","item","Abiti_per_Climi_Freddi_ba5f65a836de4eb6.json"
"Acciarino","MB 95","item","Acciarino_2e7a4cde5b714ec2.json"
"Alcohest","MB 95","item","Alcohest_d682a5755bc14602.json"
"Artigiano","MB 95","item","Artigiano_dda3513924004a52.json"
"Arto Artificiale","MB 95","item","Arto_Artificiale_87b0d7a95b375f04.json"
"Arto Artificiale di Qualit??","MB 95","item","Arto_Artificiale_di_Qualit?_b81eec29f7eb6759.json"
"Avvocato","MB 95","item","Avvocato_16fabfa87cd946d0.json"
"Bagno Caldo","MB 95","item","Bagno_Caldo_65870f45a04244b4.json"
"Bagno Freddo","MB 95","item","Bagno_Freddo_9034145cef2525af.json"
"Banchetto","MB 95","item","Banchetto_23e728cb1fb44c9f.json"
"Birra","MB 95","item","Birra_0045d0aff6a64de6.json"
"Borraccia","MB 95","item","Borraccia_2b44f63879f1469d.json"
"Buon Pasto","MB 95","item","Buon_Pasto_3d3cb5612735cbc1.json"
"Carne Cruda","MB 95","item","Carne_Cruda_b193ed0c276adc71.json"
"Cavallo Noleggiato","MB 95","item","Cavallo_Noleggiato_0476fc1b767592fa.json"
"Ceppi","MB 95","item","Ceppi_0331c9f01c634935.json"
"Cesta","MB 95","item","Cesta_3809d2319b3a4e45.json"
"Clessidra minuscola","MB 95","item","Clessidra_minuscola_8f6e57c5b20b6012.json"
"Cronista","MB 95","item","Cronista_05554aff6d3442c6.json"
"Custodia per Arco","MB 95","item","Custodia_per_Arco_00cf2898878221ef.json"
"Dadi truccati","MB 95","item","Dadi_truccati_d95c9ecea60556d3.json"
"Diario / Libro Mastro","MB 95","item","Diario_-_Libro_Mastro_b59de88fc253d2b4.json"
"Dolciumi","MB 95","item","Dolciumi_554962849e194aef.json"
"Fodero da Giarrettiera","MB 95","item","Fodero_da_Giarrettiera_a5d0ee86077ca5b2.json"
"Fodero da Manica","MB 95","item","Fodero_da_Manica_8895e74071cee398.json"
"Forziere di Legno","MB 95","item","Forziere_di_Legno_e2a64d611ed035b7.json"
"Galoppino","MB 95","item","Galoppino_5cb644ff346d42ab.json"
"Gessetto","MB 95","item","Gessetto_3b76ad30a3e1424a.json"
"Giaciglio","MB 95","item","Giaciglio_0825956a16624c35.json"
"Gioielli","MB 95","item","Gioielli_2c7ba231626d4418.json"
"Giro in Carrozza","MB 95","item","Giro_in_Carrozza_eb67f269cf3767f3.json"
"Incerata","MB 95","item","Incerata_15194ac65ebc4309.json"
"Intrattenimento","MB 95","item","Intrattenimento_7c2159f96b11eddd.json"
"Investigatore","MB 95","item","Investigatore_2f87986005e64ff4.json"
"Lanterna Schermata","MB 95","item","Lanterna_Schermata_a6555b826b91bdc7.json"
"Lavanderia","MB 95","item","Lavanderia_90536d53a756471d.json"
"Lucchetto Robusto","MB 95","item","Lucchetto_Robusto_63f86bddf3b2af43.json"
"Manette","MB 95","item","Manette_012e9b2163804939.json"
"Mappa del Continente","MB 95","item","Mappa_del_Continente_2eb543cf37545f3a.json"
"Mazzo di Gwent","MB 95","item","Mazzo_di_Gwent_855d242ff1206845.json"
"Medico","MB 95","item","Medico_7ec8a90ac1d79862.json"
"Messaggero","MB 95","item","Messaggero_a93f7606b2a742c6.json"
"Paglia sul Pavimento","MB 95","item","Paglia_sul_Pavimento_3b88c9437acfb438.json"
"Pasto Semplice","MB 95","item","Pasto_Semplice_b6ee0b090a412f5e.json"
"Pedaggio di Accesso","MB 95","item","Pedaggio_di_Accesso_6decda85e94594ed.json"
"Picchetti (??5)","MB 95","valuable","Picchetti_5_1267697207ac492c.json"
"Pipa","MB 95","item","Pipa_6590330f21dc441d.json"
"Plancia da Poker con Dadi","MB 95","item","Plancia_da_Poker_con_Dadi_0fecb247b05c8e55.json"
"Profumo / Acqua di Colonia","MB 95","item","Profumo_-_Acqua_di_Colonia_9813c3ad8c118fde.json"
"Prostituta","MB 95","item","Prostituta_f00be6bd9788f9b9.json"
"Razioni da Viaggio (1 giorno)","MB 95","item","Razioni_da_Viaggio_8c1fc4ca62f8d45e.json"
"Ricettatore","MB 95","item","Ricettatore_c6b5ed14eda9e0c6.json"
"Sacca da Viaggio","MB 95","item","Sacca_da_Viaggio_9011460d40f773a0.json"
"Sacco","MB 95","item","Sacco_81c2ab1ca91a40e7.json"
"Sapone","MB 95","item","Sapone_8a9850e62169431f.json"
"Scrigno di Legno","MB 95","item","Scrigno_di_Legno_edb3a5939fc8691c.json"
"Simbolo Sacro","MB 95","item","Simbolo_Sacro_9122c168f86b758b.json"
"Stallaggio","MB 95","item","Stallaggio_6d05e6eb55e24635.json"
"Stanza in Locanda d'Alta Classe","MB 95","item","Stanza_in_Locanda_d'Alta_Classe_8206866faea6b020.json"
"Stanza in Locanda di Qualit??","MB 95","item","Stanza_in_Locanda_di_Qualit?_82cb6f3fb5cdec93.json"
"Stanza in Locanda Economica","MB 95","item","Stanza_in_Locanda_Economica_f7a9f92884553cff.json"
"Stanza in Locanda Malfamata","MB 95","item","Stanza_in_Locanda_Malfamata_12462827e82ae2a0.json"
"Stanza in Locanda Media","MB 95","item","Stanza_in_Locanda_Media_b34c402f07113f1f.json"
"Strumento Musicale","MB 95","item","Strumento_Musicale_f32ae72e4dc0c34a.json"
"Superalcolici","MB 95","item","Superalcolici_478dec7fc63947bd.json"
"Tabacco","MB 95","item","Tabacco_d17e49d02704585c.json"
"Tasca Segreta","MB 95","item","Tasca_Segreta_3a3fa476fef7faeb.json"
"Tenda Grande","MB 95","item","Tenda_Grande_5d26771501f825a4.json"
"Torcia","MB 95","item","Torcia_0d967751899447df.json"
"Traversata per Mare","MB 95","item","Traversata_per_Mare_7492f6cc710a5fd0.json"
"Vino","MB 95","item","Vino_22be463f18e9472d.json"
"Amuleto Incantato (1 Incantesimo)","TC 117","valuable","Amuleto_Incantato__1_Incantesimo__ef6c48cd2dba2373.json"
"Amuleto Incantato (2 Incantesimi)","TC 117","valuable","Amuleto_Incantato__2_Incantesimi__4d40471f65001a0b.json"
"Amuleto Incantato (3 Incantesimi)","TC 117","valuable","Amuleto_Incantato__3_Incantesimi__4ddf42cb2eab0e0c.json"
"Amuleto Incantato (4 Incantesimi)","TC 117","valuable","Amuleto_Incantato__4_Incantesimi__5bfe48717eebb217.json"
"Portale Fisso","TC 118","valuable","Portale_Fisso_aeb5cfffb10950bb.json"
"Amuleto Incantato","TC 119","valuable","amuleto_incantato_836899b1ea2fa228.json"
"Corda Elfica Magica","TC 119","valuable","corda_elfica_magica_8ebe58d19b416b99.json"
"Formula Magica","TC 119","valuable","formula_magica_9d5d66125aeecbdf.json"
"Legame di Coppia","TC 119","valuable","legame_di_coppia_cef1db19b98c39de.json"
"Megascopio","TC 119","valuable","megascopio_13e42d98e4fcfe05.json"
"Occhio di Nehaleni","TC 119","valuable","occhio_di_nehaleni_a38f3a63ea33f8f4.json"
"Pietra Guardiana: Allarme","TC 119","valuable","pietra_guardiana__allarme_3dec698af9a63db7.json"
"Pietra Guardiana: Arco","TC 119","valuable","pietra_guardiana__arco_0dd83399889c716a.json"
"Pietra Guardiana: Illusione","TC 119","valuable","pietra_guardiana__illusione_cdb9a91dadf23e9b.json"
"Portale Fisso","TC 119","valuable","portale_fisso_29a6b8a3db86850e.json"
"Quadrifoglio","TC 119","valuable","quadrifoglio_795428b64d9a743c.json"
"Specchio dei Desideri","TC 119","valuable","specchio_dei_desideri_fce143f9ec3f31c9.json"
"Teschio di Cristallo","TC 119","valuable","teschio_di_cristallo_98cd7017a1252c93.json"
"Utensili da Incisore Runico","TC 119","valuable","utensili_da_incisore_runico_22de4e9c998b9f35.json"
"Formula Magica (Esperto)","TC 120","valuable","Formula_Magica__Esperto__dec2d46cbdd5ed45.json"
"Formula Magica (Maestro)","TC 120","valuable","Formula_Magica__Maestro__470818480d8243ee.json"
"Formula Magica (Novizio)","TC 120","valuable","Formula_Magica__Novizio__292a1898c199f26a.json"
"Specchio dei Desideri","TC 120","valuable","Specchio_dei_Desideri_b31155f307489d73.json"
"Corda Magica Elfica","TC 121","valuable","Corda_Magica_Elfica_21be542af66442d6.json"
"Occhio di Nehaleni","TC 121","valuable","Occhio_di_Nehaleni_4cd4a6d4be4161ff.json"
"Quadrifoglio","TC 121","valuable","Quadrifoglio_b8d5a8deddba2326.json"
"Teschio di Cristallo","TC 121","valuable","Teschio_di_Cristallo_0aa5157d8eaf0106.json"
"Megascopio","TC 122","valuable","Megascopio_2b8a95090d518ef0.json"
"Utensili da Incisore Runico","TC 122","valuable","Utensili_da_Incisore_Runico_1360a92e422cf1bf.json"
"Legame di Coppia","TC 124","valuable","Legame_di_Coppia_f1d6d9a95e914fa3.json"
"Pietra Allarme (Pietra del Potere)","TC 124","valuable","Pietra_Allarme__Pietra_del_Potere__b5a6c68e3b740061.json"
"Pietra Arco (Pietra del Potere)","TC 124","valuable","Pietra_Arco__Pietra_del_Potere__504739bd969565fb.json"
"Pietra dell'Illusione (Pietra del Potere)","TC 124","valuable","Pietra_dellIllusione__Pietra_del_Potere__8837809dbc898944.json"
